카카오톡,0,0,0,Noun,固有名詞,*,*,*,카카오톡,카카오톡,*,"Kakao Talk",*,NNP
카톡,0,0,0,Noun,固有名詞,*,*,*,카톡,카톡,*,카카오톡,*,NNP
페이스북,0,0,0,Noun,固有名詞,*,*,*,페이스북,페이스북,*,Facebook,*,NNP
페북,0,0,0,Noun,固有名詞,*,*,*,페북,페북,*,페이스북,*,NNP
유튜브,0,0,0,Noun,固有名詞,*,*,*,유튜브,유튜브,*,YouTube,*,NNP
트위터,0,0,0,Noun,固有名詞,*,*,*,트위터,트위터,*,Twitter,*,NNP
담레이,0,0,0,Noun,固有名詞,*,*,*,담레이,담레이,*,태풍이름:Damrey,*,NNP
콩레이,0,0,0,Noun,固有名詞,*,*,*,콩레이,콩레이,*,태풍이름:Kong-rey,*,NNP
나크리,0,0,0,Noun,固有名詞,*,*,*,나크리,나크리,*,태풍이름:Nakri,*,NNP
크로반,0,0,0,Noun,固有名詞,*,*,*,크로반,크로반,*,태풍이름:Krovanh,*,NNP
사리카,0,0,0,Noun,固有名詞,*,*,*,사리카,사리카,*,태풍이름:Sarika,*,NNP
하이쿠이,0,0,0,Noun,固有名詞,*,*,*,하이쿠이,하이쿠이,*,태풍이름:Haikui,*,NNP
위투,0,0,0,Noun,固有名詞,*,*,*,위투,위투,*,태풍이름:Yutu,*,NNP
펑선,0,0,0,Noun,固有名詞,*,*,*,펑선,펑선,*,태풍이름:Fengshen,*,NNP
두쥐안,0,0,0,Noun,固有名詞,*,*,*,두쥐안,두쥐안,*,태풍이름:Dujuan,*,NNP
하이마,0,0,0,Noun,固有名詞,*,*,*,하이마,하이마,*,태풍이름:Haima,*,NNP
기러기,0,0,0,Noun,固有名詞,*,*,*,기러기80,기러기,*,태풍이름:Kirogi,*,NNP
도라지,0,0,0,Noun,固有名詞,*,*,*,도라지80,도라지,*,태풍이름:Toraji,*,NNP
갈매기,0,0,0,Noun,固有名詞,*,*,*,갈매기80,갈매기,*,태풍이름:Kalmaegi,*,NNP
무지개,0,0,0,Noun,固有名詞,*,*,*,무지개80,무지개,*,태풍이름:Mujigae,*,NNP
메아리,0,0,0,Noun,固有名詞,*,*,*,메아리80,메아리,*,태풍이름:Meari,*,NNP
카이탁,0,0,0,Noun,固有名詞,*,*,*,카이탁,카이탁,*,태풍이름:Kai-tak,*,NNP
마니,0,0,0,Noun,固有名詞,*,*,*,마니,마니,*,태풍이름:Man-yi,*,NNP
풍웡,0,0,0,Noun,固有名詞,*,*,*,풍웡,풍웡,*,태풍이름:Fung-wong,*,NNP
초이완,0,0,0,Noun,固有名詞,*,*,*,초이완,초이완,*,태풍이름:Choi-wan,*,NNP
망온,0,0,0,Noun,固有名詞,*,*,*,망온,망온,*,태풍이름:Ma-on,*,NNP
덴빈,0,0,0,Noun,固有名詞,*,*,*,덴빈,덴빈,*,태풍이름:Tembin,*,NNP
우사기,0,0,0,Noun,固有名詞,*,*,*,우사기,우사기,*,태풍이름:Usagi,*,NNP
간무리,0,0,0,Noun,固有名詞,*,*,*,간무리,간무리,*,태풍이름:Kammuri,*,NNP
곳푸,0,0,0,Noun,固有名詞,*,*,*,곳푸,곳푸,*,태풍이름:Koppu,*,NNP
도카게,0,0,0,Noun,固有名詞,*,*,*,도카게,도카게,*,태풍이름:Tokage,*,NNP
볼라벤,0,0,0,Noun,固有名詞,*,*,*,볼라벤,볼라벤,*,태풍이름:Bolaven,*,NNP
파북,0,0,0,Noun,固有名詞,*,*,*,파북,파북,*,태풍이름:Pabuk,*,NNP
판폰,0,0,0,Noun,固有名詞,*,*,*,판폰,판폰,*,태풍이름:Phanfone,*,NNP
참피,0,0,0,Noun,固有名詞,*,*,*,참피,참피,*,태풍이름:Champi,*,NNP
녹텐,0,0,0,Noun,固有名詞,*,*,*,녹텐,녹텐,*,태풍이름:Nock-ten,*,NNP
산바,0,0,0,Noun,固有名詞,*,*,*,산바,산바,*,태풍이름:Sanba,*,NNP
우딥,0,0,0,Noun,固有名詞,*,*,*,우딥,우딥,*,태풍이름:Wutip,*,NNP
봉퐁,0,0,0,Noun,固有名詞,*,*,*,봉퐁,봉퐁,*,태풍이름:Vongfong,*,NNP
인파,0,0,0,Noun,固有名詞,*,*,*,인파,인파,*,태풍이름:In-fa,*,NNP
무이파,0,0,0,Noun,固有名詞,*,*,*,무이파,무이파,*,태풍이름:Muifa,*,NNP
즐라왓,0,0,0,Noun,固有名詞,*,*,*,즐라왓,즐라왓,*,태풍이름:Jelawat,*,NNP
스팟,0,0,0,Noun,固有名詞,*,*,*,스팟,스팟,*,태풍이름:Sepat,*,NNP
누리,0,0,0,Noun,固有名詞,*,*,*,누리,누리,*,태풍이름:Nuri,*,NNP
멜로르,0,0,0,Noun,固有名詞,*,*,*,멜로르,멜로르,*,태풍이름:Melor,*,NNP
므르복,0,0,0,Noun,固有名詞,*,*,*,므르복,므르복,*,태풍이름:Merbok,*,NNP
에위니아,0,0,0,Noun,固有名詞,*,*,*,에위니아,에위니아,*,태풍이름:Ewiniar,*,NNP
문,0,0,0,Noun,固有名詞,*,*,*,문,문,*,태풍이름:Mun,*,NNP
실라코,0,0,0,Noun,固有名詞,*,*,*,실라코,실라코,*,태풍이름:Sinlaku,*,NNP
네파탁,0,0,0,Noun,固有名詞,*,*,*,네파탁,네파탁,*,태풍이름:Nepartak,*,NNP
난마돌,0,0,0,Noun,固有名詞,*,*,*,난마돌,난마돌,*,태풍이름:Nanmadol,*,NNP
말릭시,0,0,0,Noun,固有名詞,*,*,*,말릭시,말릭시,*,태풍이름:Maliksi,*,NNP
다나스,0,0,0,Noun,固有名詞,*,*,*,다나스,다나스,*,태풍이름:Danas,*,NNP
하구핏,0,0,0,Noun,固有名詞,*,*,*,하구핏,하구핏,*,태풍이름:Hagupit,*,NNP
루핏,0,0,0,Noun,固有名詞,*,*,*,루핏,루핏,*,태풍이름:Lupit,*,NNP
탈라스,0,0,0,Noun,固有名詞,*,*,*,탈라스,탈라스,*,태풍이름:Talas,*,NNP
개미,0,0,0,Noun,固有名詞,*,*,*,개미80,개미,*,태풍이름:Gaemi,*,NNP
나리,0,0,0,Noun,固有名詞,*,*,*,나리80,나리,*,태풍이름:Nari,*,NNP
장미,0,0,0,Noun,固有名詞,*,*,*,장미80,장미,*,태풍이름:Jangmi,*,NNP
미리내,0,0,0,Noun,固有名詞,*,*,*,미리내80,미리내,*,태풍이름:Mirinae,*,NNP
노루,0,0,0,Noun,固有名詞,*,*,*,노루80,노루,*,태풍이름:Noru,*,NNP
쁘라삐룬,0,0,0,Noun,固有名詞,*,*,*,쁘라삐룬,쁘라삐룬,*,태풍이름:Prapiroon,*,NNP
위파,0,0,0,Noun,固有名詞,*,*,*,위파,위파,*,태풍이름:Wipha,*,NNP
메칼라,0,0,0,Noun,固有名詞,*,*,*,메칼라,메칼라,*,태풍이름:Mekkhala,*,NNP
니다,0,0,0,Noun,固有名詞,*,*,*,니다,니다,*,태풍이름:Nida,*,NNP
꿀랍,0,0,0,Noun,固有名詞,*,*,*,꿀랍,꿀랍,*,태풍이름:Kulap,*,NNP
마리아,0,0,0,Noun,固有名詞,*,*,*,마리아,마리아,*,태풍이름:Maria,*,NNP
프란시스코,0,0,0,Noun,固有名詞,*,*,*,프란시스코,프란시스코,*,태풍이름:Francisco,*,NNP
히고스,0,0,0,Noun,固有名詞,*,*,*,히고스,히고스,*,태풍이름:Higos,*,NNP
오마이스,0,0,0,Noun,固有名詞,*,*,*,오마이스,오마이스,*,태풍이름:Omais,*,NNP
로키,0,0,0,Noun,固有名詞,*,*,*,로키,로키,*,태풍이름:Roke,*,NNP
손띤,0,0,0,Noun,固有名詞,*,*,*,손띤,손띤,*,태풍이름:Son-Tinh,*,NNP
레끼마,0,0,0,Noun,固有名詞,*,*,*,레끼마,레끼마,*,태풍이름:Lekima,*,NNP
바비,0,0,0,Noun,固有名詞,*,*,*,바비,바비,*,태풍이름:Bavi,*,NNP
꼰선,0,0,0,Noun,固有名詞,*,*,*,꼰선,꼰선,*,태풍이름:Conson,*,NNP
선까,0,0,0,Noun,固有名詞,*,*,*,선까,선까,*,태풍이름:Sonca,*,NNP
암필,0,0,0,Noun,固有名詞,*,*,*,암필,암필,*,태풍이름:Ampil,*,NNP
크로사,0,0,0,Noun,固有名詞,*,*,*,크로사,크로사,*,태풍이름:Krosa,*,NNP
마이삭,0,0,0,Noun,固有名詞,*,*,*,마이삭,마이삭,*,태풍이름:Maysak,*,NNP
찬투,0,0,0,Noun,固有名詞,*,*,*,찬투,찬투,*,태풍이름:Chanthu,*,NNP
네삿,0,0,0,Noun,固有名詞,*,*,*,네삿,네삿,*,태풍이름:Nesat,*,NNP
우쿵,0,0,0,Noun,固有名詞,*,*,*,우쿵,우쿵,*,태풍이름:Wukong,*,NNP
바이루,0,0,0,Noun,固有名詞,*,*,*,바이루,바이루,*,태풍이름:Bailu,*,NNP
하이선,0,0,0,Noun,固有名詞,*,*,*,하이선,하이선,*,태풍이름:Haishen,*,NNP
뎬무,0,0,0,Noun,固有名詞,*,*,*,뎬무,뎬무,*,태풍이름:Dianmu,*,NNP
하이탕,0,0,0,Noun,固有名詞,*,*,*,하이탕,하이탕,*,태풍이름:Haitang,*,NNP
종다리,0,0,0,Noun,固有名詞,*,*,*,종다리80,종다리,*,태풍이름:Jongdari,*,NNP
버들,0,0,0,Noun,固有名詞,*,*,*,버들80,버들,*,태풍이름:Podul,*,NNP
노을,0,0,0,Noun,固有名詞,*,*,*,노을80,노을,*,태풍이름:Noul,*,NNP
민들레,0,0,0,Noun,固有名詞,*,*,*,민들레80,민들레,*,태풍이름:Mindulle,*,NNP
날개,0,0,0,Noun,固有名詞,*,*,*,날개80,날개,*,태풍이름:Nalgae,*,NNP
산산,0,0,0,Noun,固有名詞,*,*,*,산산,산산,*,태풍이름:Shanshan,*,NNP
링링,0,0,0,Noun,固有名詞,*,*,*,링링,링링,*,태풍이름:Lingling,*,NNP
돌핀,0,0,0,Noun,固有名詞,*,*,*,돌핀,돌핀,*,태풍이름:Dolphin,*,NNP
라이언록,0,0,0,Noun,固有名詞,*,*,*,라이언록,라이언록,*,태풍이름:Lionrock,*,NNP
바냔,0,0,0,Noun,固有名詞,*,*,*,바냔,바냔,*,태풍이름:Banyan,*,NNP
야기,0,0,0,Noun,固有名詞,*,*,*,야기,야기,*,태풍이름:Yagi,*,NNP
가지키,0,0,0,Noun,固有名詞,*,*,*,가지키,가지키,*,태풍이름:Kajiki,*,NNP
구지라,0,0,0,Noun,固有名詞,*,*,*,구지라,구지라,*,태풍이름:Kujira,*,NNP
곤파스,0,0,0,Noun,固有名詞,*,*,*,곤파스,곤파스,*,태풍이름:Kompasu,*,NNP
하토,0,0,0,Noun,固有名詞,*,*,*,하토,하토,*,태풍이름:Hato,*,NNP
리피,0,0,0,Noun,固有名詞,*,*,*,리피,리피,*,태풍이름:Leepi,*,NNP
파사이,0,0,0,Noun,固有名詞,*,*,*,파사이,파사이,*,태풍이름:Faxai,*,NNP
찬홈,0,0,0,Noun,固有名詞,*,*,*,찬홈,찬홈,*,태풍이름:Chan-hom,*,NNP
남테운,0,0,0,Noun,固有名詞,*,*,*,남테운,남테운,*,태풍이름:Namtheun,*,NNP
파카르,0,0,0,Noun,固有名詞,*,*,*,파카르,파카르,*,태풍이름:Pakhar,*,NNP
버빙카,0,0,0,Noun,固有名詞,*,*,*,버빙카,버빙카,*,태풍이름:Bebinca,*,NNP
페이파,0,0,0,Noun,固有名詞,*,*,*,페이파,페이파,*,태풍이름:Peipah,*,NNP
린파,0,0,0,Noun,固有名詞,*,*,*,린파,린파,*,태풍이름:Linfa,*,NNP
말로,0,0,0,Noun,固有名詞,*,*,*,말로,말로,*,태풍이름:Malou,*,NNP
상우,0,0,0,Noun,固有名詞,*,*,*,상우,상우,*,태풍이름:Sanvu,*,NNP
룸비아,0,0,0,Noun,固有名詞,*,*,*,룸비아,룸비아,*,태풍이름:Rumbia,*,NNP
타파,0,0,0,Noun,固有名詞,*,*,*,타파,타파,*,태풍이름:Tapah,*,NNP
낭카,0,0,0,Noun,固有名詞,*,*,*,낭카,낭카,*,태풍이름:Nangka,*,NNP
므란티,0,0,0,Noun,固有名詞,*,*,*,므란티,므란티,*,태풍이름:Meranti,*,NNP
마와르,0,0,0,Noun,固有名詞,*,*,*,마와르,마와르,*,태풍이름:Mawar,*,NNP
솔릭,0,0,0,Noun,固有名詞,*,*,*,솔릭,솔릭,*,태풍이름:Soulik,*,NNP
미탁,0,0,0,Noun,固有名詞,*,*,*,미탁,미탁,*,태풍이름:Mitag,*,NNP
사우델로르,0,0,0,Noun,固有名詞,*,*,*,사우델로르,사우델로르,*,태풍이름:Soudelor,*,NNP
라이,0,0,0,Noun,固有名詞,*,*,*,라이,라이,*,태풍이름:Rai,*,NNP
구촐,0,0,0,Noun,固有名詞,*,*,*,구촐,구촐,*,태풍이름:Guchol,*,NNP
시마론,0,0,0,Noun,固有名詞,*,*,*,시마론,시마론,*,태풍이름:Cimaron,*,NNP
하기비스,0,0,0,Noun,固有名詞,*,*,*,하기비스,하기비스,*,태풍이름:Hagibis,*,NNP
몰라베,0,0,0,Noun,固有名詞,*,*,*,몰라베,몰라베,*,태풍이름:Molave,*,NNP
말라카스,0,0,0,Noun,固有名詞,*,*,*,말라카스,말라카스,*,태풍이름:Malakas,*,NNP
탈림,0,0,0,Noun,固有名詞,*,*,*,탈림,탈림,*,태풍이름:Talim,*,NNP
제비,0,0,0,Noun,固有名詞,*,*,*,제비80,제비,*,태풍이름:Jebi,*,NNP
너구리,0,0,0,Noun,固有名詞,*,*,*,너구리80,너구리,*,태풍이름:Neoguri,*,NNP
고니,0,0,0,Noun,固有名詞,*,*,*,고니80,고니,*,태풍이름:Goni,*,NNP
메기,0,0,0,Noun,固有名詞,*,*,*,메기80,메기,*,태풍이름:Megi,*,NNP
독수리,0,0,0,Noun,固有名詞,*,*,*,독수리80,독수리,*,태풍이름:Doksuri,*,NNP
망쿳,0,0,0,Noun,固有名詞,*,*,*,망쿳,망쿳,*,태풍이름:Mangkhut,*,NNP
람마순,0,0,0,Noun,固有名詞,*,*,*,람마순,람마순,*,태풍이름:Rammasun,*,NNP
앗사니,0,0,0,Noun,固有名詞,*,*,*,앗사니,앗사니,*,태풍이름:Atsani,*,NNP
차바,0,0,0,Noun,固有名詞,*,*,*,차바,차바,*,태풍이름:Chaba,*,NNP
카눈,0,0,0,Noun,固有名詞,*,*,*,카눈,카눈,*,태풍이름:Khanun,*,NNP
바리자트,0,0,0,Noun,固有名詞,*,*,*,바리자트,바리자트,*,태풍이름:Barijat,*,NNP
마트모,0,0,0,Noun,固有名詞,*,*,*,마트모,마트모,*,태풍이름:Matmo,*,NNP
아타우,0,0,0,Noun,固有名詞,*,*,*,아타우,아타우,*,태풍이름:Etau,*,NNP
에어리,0,0,0,Noun,固有名詞,*,*,*,에어리,에어리,*,태풍이름:Aere,*,NNP
란,0,0,0,Noun,固有名詞,*,*,*,란,란,*,태풍이름:Lan,*,NNP
짜미,0,0,0,Noun,固有名詞,*,*,*,짜미,짜미,*,태풍이름:Trami,*,NNP
할롱,0,0,0,Noun,固有名詞,*,*,*,할롱,할롱,*,태풍이름:Halong,*,NNP
밤꼬,0,0,0,Noun,固有名詞,*,*,*,밤꼬,밤꼬,*,태풍이름:Vamco,*,NNP
송다,0,0,0,Noun,固有名詞,*,*,*,송다,송다,*,태풍이름:Songda,*,NNP
사올라,0,0,0,Noun,固有名詞,*,*,*,사올라,사올라,*,태풍이름:Saola,*,NNP
강원도민일보,0,0,0,Noun,固有名詞,*,*,*,강원도민일보,강원도민일보,江原道民日報,신문,*,NNP
강원일보,0,0,0,Noun,固有名詞,*,*,*,강원일보,강원일보,江原日報,신문,*,NNP
게임동아,0,0,0,Noun,固有名詞,*,*,*,게임동아,게임동아,게임東亞,신문,*,NNP
경기신문,0,0,0,Noun,固有名詞,*,*,*,경기신문,경기신문,京畿新聞,신문,*,NNP
경기일보,0,0,0,Noun,固有名詞,*,*,*,경기일보,경기일보,京畿日報,신문,*,NNP
경남도민일보,0,0,0,Noun,固有名詞,*,*,*,경남도민일보,경남도민일보,慶南道民日報,신문,*,NNP
경남매일,0,0,0,Noun,固有名詞,*,*,*,경남매일,경남매일,慶南每日,신문,*,NNP
경남신문,0,0,0,Noun,固有名詞,*,*,*,경남신문,경남신문,慶南新聞,신문,*,NNP
경남일보,0,0,0,Noun,固有名詞,*,*,*,경남일보,경남일보,慶南日報,신문,*,NNP
경도신문,0,0,0,Noun,固有名詞,*,*,*,경도신문,경도신문,京都日報,신문,*,NNP
경북도민일보,0,0,0,Noun,固有名詞,*,*,*,경북도민일보,경북도민일보,慶北道民日報,신문,*,NNP
경북매일신문,0,0,0,Noun,固有名詞,*,*,*,경북매일신문,경북매일신문,慶北每日新聞,신문,*,NNP
경북일보,0,0,0,Noun,固有名詞,*,*,*,경북일보,경북일보,慶北日報,신문,*,NNP
경상일보,0,0,0,Noun,固有名詞,*,*,*,경상일보,경상일보,慶尙日報,신문,*,NNP
경성일보,0,0,0,Noun,固有名詞,*,*,*,경성일보,경성일보,京城日報,신문,*,NNP
경안일보,0,0,0,Noun,固有名詞,*,*,*,경안일보,경안일보,慶安日報,신문,*,NNP
경인매일신문,0,0,0,Noun,固有名詞,*,*,*,경인매일신문,경인매일신문,京仁每日新聞,신문,*,NNP
경인일보,0,0,0,Noun,固有名詞,*,*,*,경인일보,경인일보,京仁日報,신문,*,NNP
경제투데이,0,0,0,Noun,固有名詞,*,*,*,경제투데이,경제투데이,慶州투데이,신문,*,NNP
경주신문,0,0,0,Noun,固有名詞,*,*,*,경주신문,경주신문,慶州新聞,신문,*,NNP
경향게임스,0,0,0,Noun,固有名詞,*,*,*,경향게임스,경향게임스,京鄕게임스,신문,*,NNP
경향신문,0,0,0,Noun,固有名詞,*,*,*,경향신문,경향신문,京鄕新聞,신문,*,NNP
공무원저널,0,0,0,Noun,固有名詞,*,*,*,공무원저널,공무원저널,公務員저널,신문,*,NNP
공정거래,0,0,0,Noun,固有名詞,*,*,*,공정거래,공정거래,公正去來,신문,*,NNP
과학동아,0,0,0,Noun,固有名詞,*,*,*,과학동아,과학동아,科學東亞,신문,*,NNP
광남일보,0,0,0,Noun,固有名詞,*,*,*,광남일보,광남일보,光南日報,신문,*,NNP
광주드림,0,0,0,Noun,固有名詞,*,*,*,광주드림,광주드림,光州드림,신문,*,NNP
광주매일신문,0,0,0,Noun,固有名詞,*,*,*,광주매일신문,광주매일신문,光州每日新聞,신문,*,NNP
광주일보,0,0,0,Noun,固有名詞,*,*,*,광주일보,광주일보,光州日報,신문,*,NNP
광주전남아침신문,0,0,0,Noun,固有名詞,*,*,*,광주전남아침신문,광주전남아침신문,光州全南아침新聞,신문,*,NNP
광주타임스,0,0,0,Noun,固有名詞,*,*,*,광주타임스,광주타임스,光州타임스,신문,*,NNP
교차로,0,0,0,Noun,固有名詞,*,*,*,교차로,교차로,交叉路,신문,*,NNP
교통신문,0,0,0,Noun,固有名詞,*,*,*,교통신문,교통신문,交通新聞,신문,*,NNP
국민일보,0,0,0,Noun,固有名詞,*,*,*,국민일보,국민일보,國民日報,신문,*,NNP
국방일보,0,0,0,Noun,固有名詞,*,*,*,국방일보,국방일보,國防日報,신문,*,NNP
국제법률신문,0,0,0,Noun,固有名詞,*,*,*,국제법률신문,국제법률신문,國際法律新聞,신문,*,NNP
국제신문,0,0,0,Noun,固有名詞,*,*,*,국제신문,국제신문,國際新聞,신문,*,NNP
굿데이,0,0,0,Noun,固有名詞,*,*,*,굿데이,굿데이,*,신문,*,NNP
금강일보,0,0,0,Noun,固有名詞,*,*,*,금강일보,금강일보,金剛日報,신문,*,NNP
기독공보,0,0,0,Noun,固有名詞,*,*,*,기독공보,기독공보,基督公報,신문,*,NNP
기독교연합신문,0,0,0,Noun,固有名詞,*,*,*,기독교연합신문,기독교연합신문,基督敎聯合新聞,신문,*,NNP
기독교타임즈,0,0,0,Noun,固有名詞,*,*,*,기독교타임즈,기독교타임즈,基督敎타임즈,신문,*,NNP
기독신문,0,0,0,Noun,固有名詞,*,*,*,기독신문,기독신문,基督新聞,신문,*,NNP
기자협회보,0,0,0,Noun,固有名詞,*,*,*,기자협회보,기자협회보,記者協會報,신문,*,NNP
기호일보,0,0,0,Noun,固有名詞,*,*,*,기호일보,기호일보,畿湖日報,신문,*,NNP
남도일보,0,0,0,Noun,固有名詞,*,*,*,남도일보,남도일보,南道日報,신문,*,NNP
남도투데이,0,0,0,Noun,固有名詞,*,*,*,남도투데이,남도투데이,南道투데이,신문,*,NNP
내일신문,0,0,0,Noun,固有名詞,*,*,*,내일신문,내일신문,來日新聞,신문,*,NNP
노컷뉴스,0,0,0,Noun,固有名詞,*,*,*,노컷뉴스,노컷뉴스,*,신문,*,NNP
뉴데일리,0,0,0,Noun,固有名詞,*,*,*,뉴데일리,뉴데일리,*,신문,*,NNP
뉴스앤조이,0,0,0,Noun,固有名詞,*,*,*,뉴스앤조이,뉴스앤조이,*,신문,*,NNP
뉴스월드,0,0,0,Noun,固有名詞,*,*,*,뉴스월드,뉴스월드,*,신문,*,NNP
뉴스위크,0,0,0,Noun,固有名詞,*,*,*,뉴스위크,뉴스위크,*,신문,*,NNP
뉴스페이스,0,0,0,Noun,固有名詞,*,*,*,뉴스페이스,뉴스페이스,*,신문,*,NNP
당당뉴스,0,0,0,Noun,固有名詞,*,*,*,당당뉴스,당당뉴스,*,신문,*,NNP
대가야신문,0,0,0,Noun,固有名詞,*,*,*,대가야신문,대가야신문,大伽倻新聞,신문,*,NNP
대경일보,0,0,0,Noun,固有名詞,*,*,*,대경일보,대경일보,大慶日報,신문,*,NNP
대구신문,0,0,0,Noun,固有名詞,*,*,*,대구신문,대구신문,大邱新聞,신문,*,NNP
대구연합일보,0,0,0,Noun,固有名詞,*,*,*,대구연합일보,대구연합일보,大邱聯合日報,신문,*,NNP
대구일보,0,0,0,Noun,固有名詞,*,*,*,대구일보,대구일보,大邱日報,신문,*,NNP
대전일보,0,0,0,Noun,固有名詞,*,*,*,대전일보,대전일보,大田日報,신문,*,NNP
대전투데이,0,0,0,Noun,固有名詞,*,*,*,대전투데이,대전투데이,大田투데이,신문,*,NNP
대학내일,0,0,0,Noun,固有名詞,*,*,*,대학내일,대학내일,大學來日,신문,*,NNP
대한매일신보,0,0,0,Noun,固有名詞,*,*,*,대한매일신보,대한매일신보,大韓每日申報,신문,*,NNP
대한법률신문,0,0,0,Noun,固有名詞,*,*,*,대한법률신문,대한법률신문,大學法律新聞,신문,*,NNP
더게임스,0,0,0,Noun,固有名詞,*,*,*,더게임스,더게임스,*,신문,*,NNP
데일리경제,0,0,0,Noun,固有名詞,*,*,*,데일리경제,데일리경제,데일리經濟,신문,*,NNP
데일리안,0,0,0,Noun,固有名詞,*,*,*,데일리안,데일리안,*,신문,*,NNP
데일리줌,0,0,0,Noun,固有名詞,*,*,*,데일리줌,데일리줌,*,신문,*,NNP
데일리타운,0,0,0,Noun,固有名詞,*,*,*,데일리타운,데일리타운,*,신문,*,NNP
동아일보,0,0,0,Noun,固有名詞,*,*,*,동아일보,동아일보,東亞日報,신문,*,NNP
동양일보,0,0,0,Noun,固有名詞,*,*,*,동양일보,동양일보,東洋日報,신문,*,NNP
디지털타임스,0,0,0,Noun,固有名詞,*,*,*,디지털타임스,디지털타임스,*,신문,*,NNP
딴지일보,0,0,0,Noun,固有名詞,*,*,*,딴지일보,딴지일보,딴지日報,신문,*,NNP
랜덤하우스코리아,0,0,0,Noun,固有名詞,*,*,*,랜덤하우스코리아,랜덤하우스코리아,*,신문,*,NNP
레디앙,0,0,0,Noun,固有名詞,*,*,*,레디앙,레디앙,*,신문,*,NNP
레몬트리,0,0,0,Noun,固有名詞,*,*,*,레몬트리,레몬트리,*,신문,*,NNP
레이디경향,0,0,0,Noun,固有名詞,*,*,*,레이디경향,레이디경향,레이디京鄕,신문,*,NNP
로드스타,0,0,0,Noun,固有名詞,*,*,*,로드스타,로드스타,*,신문,*,NNP
리빙포인트,0,0,0,Noun,固有名詞,*,*,*,리빙포인트,리빙포인트,*,신문,*,NNP
마이데일리,0,0,0,Noun,固有名詞,*,*,*,마이데일리,마이데일리,*,신문,*,NNP
매경닷컴,0,0,0,Noun,固有名詞,*,*,*,매경닷컴,매경닷컴,每經닷컴,신문,*,NNP
매경이코노미,0,0,0,Noun,固有名詞,*,*,*,매경이코노미,매경이코노미,每經이코노미,신문,*,NNP
매일경제,0,0,0,Noun,固有名詞,*,*,*,매일경제,매일경제,每日經濟,신문,*,NNP
매일경제신문,0,0,0,Noun,固有名詞,*,*,*,매일경제신문,매일경제신문,每日經濟新聞,신문,*,NNP
매일광주신문,0,0,0,Noun,固有名詞,*,*,*,매일광주신문,매일광주신문,每日光州新聞,신문,*,NNP
매일신문,0,0,0,Noun,固有名詞,*,*,*,매일신문,매일신문,每日新聞,신문,*,NNP
매일신보,0,0,0,Noun,固有名詞,*,*,*,매일신보,매일신보,每日申報,신문,*,NNP
매일일보,0,0,0,Noun,固有名詞,*,*,*,매일일보,매일일보,每日日報,신문,*,NNP
머니투데이,0,0,0,Noun,固有名詞,*,*,*,머니투데이,머니투데이,*,신문,*,NNP
메트로,0,0,0,Noun,固有名詞,*,*,*,메트로,메트로,*,신문,*,NNP
메트로인터내셔널,0,0,0,Noun,固有名詞,*,*,*,메트로인터내셔널,메트로인터내셔널,*,신문,*,NNP
무등일보,0,0,0,Noun,固有名詞,*,*,*,무등일보,무등일보,無等日報,신문,*,NNP
문화일보,0,0,0,Noun,固有名詞,*,*,*,문화일보,문화일보,文化日報,신문,*,NNP
물류산업신문,0,0,0,Noun,固有名詞,*,*,*,물류산업신문,물류산업신문,物流産業新聞,신문,*,NNP
미디어스,0,0,0,Noun,固有名詞,*,*,*,미디어스,미디어스,*,신문,*,NNP
미디어오늘,0,0,0,Noun,固有名詞,*,*,*,미디어오늘,미디어오늘,*,신문,*,NNP
미래한국,0,0,0,Noun,固有名詞,*,*,*,미래한국,미래한국,未來韓國,신문,*,NNP
미주한국일보,0,0,0,Noun,固有名詞,*,*,*,미주한국일보,미주한국일보,美州韓國日報,신문,*,NNP
미즈내일,0,0,0,Noun,固有名詞,*,*,*,미즈내일,미즈내일,미즈來日,신문,*,NNP
민족일보,0,0,0,Noun,固有名詞,*,*,*,민족일보,민족일보,民族日報,신문,*,NNP
민중의소리,0,0,0,Noun,固有名詞,*,*,*,민중의소리,민중의소리,民衆의소리,신문,*,NNP
밀양사람들,0,0,0,Noun,固有名詞,*,*,*,밀양사람들,밀양사람들,密陽사람들,신문,*,NNP
바둑,0,0,0,Noun,固有名詞,*,*,*,바둑,바둑,*,신문,*,NNP
법률신문,0,0,0,Noun,固有名詞,*,*,*,법률신문,법률신문,法律新聞,신문,*,NNP
법률저널,0,0,0,Noun,固有名詞,*,*,*,법률저널,법률저널,法律저널,신문,*,NNP
벼룩시장,0,0,0,Noun,固有名詞,*,*,*,벼룩시장,벼룩시장,벼룩市場,신문,*,NNP
부산일보,0,0,0,Noun,固有名詞,*,*,*,부산일보,부산일보,釜山日報,신문,*,NNP
부산파이낸셜뉴스,0,0,0,Noun,固有名詞,*,*,*,부산파이낸셜뉴스,부산파이낸셜뉴스,釜山파이낸셜뉴스,신문,*,NNP
부천포커스,0,0,0,Noun,固有名詞,*,*,*,부천포커스,부천포커스,富川포커스,신문,*,NNP
뷰스앤뉴스,0,0,0,Noun,固有名詞,*,*,*,뷰스앤뉴스,뷰스앤뉴스,*,신문,*,NNP
브레이크뉴스,0,0,0,Noun,固有名詞,*,*,*,브레이크뉴스,브레이크뉴스,*,신문,*,NNP
빅뉴스,0,0,0,Noun,固有名詞,*,*,*,빅뉴스,빅뉴스,*,신문,*,NNP
새만금일보,0,0,0,Noun,固有名詞,*,*,*,새만금일보,새만금일보,새萬金日報,신문,*,NNP
새전북신문,0,0,0,Noun,固有名詞,*,*,*,새전북신문,새전북신문,새全北新聞,신문,*,NNP
새파란뉴스,0,0,0,Noun,固有名詞,*,*,*,새파란뉴스,새파란뉴스,*,신문,*,NNP
서남일보,0,0,0,Noun,固有名詞,*,*,*,서남일보,서남일보,西南日報,신문,*,NNP
서라벌신문,0,0,0,Noun,固有名詞,*,*,*,서라벌신문,서라벌신문,徐羅伐新聞,신문,*,NNP
서울경제,0,0,0,Noun,固有名詞,*,*,*,서울경제,서울경제,서울經濟,신문,*,NNP
서울경제신문,0,0,0,Noun,固有名詞,*,*,*,서울경제신문,서울경제신문,서울經濟新聞,신문,*,NNP
서울신문,0,0,0,Noun,固有名詞,*,*,*,서울신문,서울신문,서울新聞,신문,*,NNP
성결신문,0,0,0,Noun,固有名詞,*,*,*,성결신문,성결신문,聖潔新聞,신문,*,NNP
세계복음화신문,0,0,0,Noun,固有名詞,*,*,*,세계복음화신문,세계복음화신문,世界福音化新聞,신문,*,NNP
세계일보,0,0,0,Noun,固有名詞,*,*,*,세계일보,세계일보,世界日報,신문,*,NNP
소방방재신문,0,0,0,Noun,固有名詞,*,*,*,소방방재신문,소방방재신문,消防防災新聞,신문,*,NNP
수학동아,0,0,0,Noun,固有名詞,*,*,*,수학동아,수학동아,數學東亞,신문,*,NNP
슈어,0,0,0,Noun,固有名詞,*,*,*,슈어,슈어,*,신문,*,NNP
스투닷컴,0,0,0,Noun,固有名詞,*,*,*,스투닷컴,스투닷컴,*,신문,*,NNP
스포츠경향,0,0,0,Noun,固有名詞,*,*,*,스포츠경향,스포츠경향,스포츠京鄕,신문,*,NNP
스포츠동아,0,0,0,Noun,固有名詞,*,*,*,스포츠동아,스포츠동아,스포츠東亞,신문,*,NNP
스포츠라이트,0,0,0,Noun,固有名詞,*,*,*,스포츠라이트,스포츠라이트,*,신문,*,NNP
스포츠서울,0,0,0,Noun,固有名詞,*,*,*,스포츠서울,스포츠서울,*,신문,*,NNP
스포츠월드,0,0,0,Noun,固有名詞,*,*,*,스포츠월드,스포츠월드,*,신문,*,NNP
스포츠조선,0,0,0,Noun,固有名詞,*,*,*,스포츠조선,스포츠조선,스포츠朝鮮,신문,*,NNP
스포츠투데이,0,0,0,Noun,固有名詞,*,*,*,스포츠투데이,스포츠투데이,*,신문,*,NNP
스포츠한국,0,0,0,Noun,固有名詞,*,*,*,스포츠한국,스포츠한국,스포츠韓國,신문,*,NNP
시티라이프,0,0,0,Noun,固有名詞,*,*,*,시티라이프,시티라이프,*,신문,*,NNP
시티신문,0,0,0,Noun,固有名詞,*,*,*,시티신문,시티신문,시티新聞,신문,*,NNP
식약일보,0,0,0,Noun,固有名詞,*,*,*,식약일보,식약일보,食藥日報,신문,*,NNP
신동아,0,0,0,Noun,固有名詞,*,*,*,신동아,신동아,新東亞,신문,*,NNP
신문고뉴스,0,0,0,Noun,固有名詞,*,*,*,신문고뉴스,신문고뉴스,*,신문,*,NNP
신아일보,0,0,0,Noun,固有名詞,*,*,*,신아일보,신아일보,新亞日報,신문,*,NNP
신울산일보,0,0,0,Noun,固有名詞,*,*,*,신울산일보,신울산일보,新蔚山日報,신문,*,NNP
신천지,0,0,0,Noun,固有名詞,*,*,*,신천지,신천지,新天地,신문,*,NNP
쎄씨,0,0,0,Noun,固有名詞,*,*,*,쎄씨,쎄씨,*,신문,*,NNP
씨네21,0,0,0,Noun,固有名詞,*,*,*,씨네21,씨네21,*,신문,*,NNP
아시아경제,0,0,0,Noun,固有名詞,*,*,*,아시아경제,아시아경제,아시아經濟,신문,*,NNP
아시아경제신문,0,0,0,Noun,固有名詞,*,*,*,아시아경제신문,아시아경제신문,아시아經濟新聞,신문,*,NNP
아시아투데이,0,0,0,Noun,固有名詞,*,*,*,아시아투데이,아시아투데이,*,신문,*,NNP
아이비타임즈,0,0,0,Noun,固有名詞,*,*,*,아이비타임즈,아이비타임즈,*,신문,*,NNP
아주경제,0,0,0,Noun,固有名詞,*,*,*,아주경제,아주경제,亞洲經濟,신문,*,NNP
아트타임즈,0,0,0,Noun,固有名詞,*,*,*,아트타임즈,아트타임즈,*,신문,*,NNP
어린이과학동아,0,0,0,Noun,固有名詞,*,*,*,어린이과학동아,어린이과학동아,어린이科學東亞,신문,*,NNP
어린이동아,0,0,0,Noun,固有名詞,*,*,*,어린이동아,어린이동아,어린이東亞,신문,*,NNP
에너지경제신문,0,0,0,Noun,固有名詞,*,*,*,에너지경제신문,에너지경제신문,에너지經濟新聞,신문,*,NNP
에너지신문,0,0,0,Noun,固有名詞,*,*,*,에너지신문,에너지신문,에너지新聞,신문,*,NNP
에이엠세븐,0,0,0,Noun,固有名詞,*,*,*,에이엠세븐,에이엠세븐,*,신문,*,NNP
에큐메니안,0,0,0,Noun,固有名詞,*,*,*,에큐메니안,에큐메니안,*,신문,*,NNP
엘르,0,0,0,Noun,固有名詞,*,*,*,엘르,엘르,*,신문,*,NNP
여성경제신문,0,0,0,Noun,固有名詞,*,*,*,여성경제신문,여성경제신문,女性經濟新聞,신문,*,NNP
여성동아,0,0,0,Noun,固有名詞,*,*,*,여성동아,여성동아,女性東亞,신문,*,NNP
여성신문,0,0,0,Noun,固有名詞,*,*,*,여성신문,여성신문,女性經濟新聞,신문,*,NNP
여성중앙,0,0,0,Noun,固有名詞,*,*,*,여성중앙,여성중앙,女性中央,신문,*,NNP
영남신문,0,0,0,Noun,固有名詞,*,*,*,영남신문,영남신문,嶺南新聞,신문,*,NNP
영남일보,0,0,0,Noun,固有名詞,*,*,*,영남일보,영남일보,嶺南日報,신문,*,NNP
오마이뉴스,0,0,0,Noun,固有名詞,*,*,*,오마이뉴스,오마이뉴스,*,신문,*,NNP
오마이스타,0,0,0,Noun,固有名詞,*,*,*,오마이스타,오마이스타,*,신문,*,NNP
오산인터넷뉴스,0,0,0,Noun,固有名詞,*,*,*,오산인터넷뉴스,오산인터넷뉴스,烏山인터넷뉴스,신문,*,NNP
옥천신문,0,0,0,Noun,固有名詞,*,*,*,옥천신문,옥천신문,沃川新聞,신문,*,NNP
우리들의스타,0,0,0,Noun,固有名詞,*,*,*,우리들의스타,우리들의스타,*,신문,*,NNP
울산광역매일,0,0,0,Noun,固有名詞,*,*,*,울산광역매일,울산광역매일,蔚山廣域每日,신문,*,NNP
울산매일,0,0,0,Noun,固有名詞,*,*,*,울산매일,울산매일,蔚山每日,신문,*,NNP
울산신문,0,0,0,Noun,固有名詞,*,*,*,울산신문,울산신문,蔚山新聞,신문,*,NNP
울산제일일보,0,0,0,Noun,固有名詞,*,*,*,울산제일일보,울산제일일보,蔚山第一日報,신문,*,NNP
워싱턴타임스,0,0,0,Noun,固有名詞,*,*,*,워싱턴타임스,워싱턴타임스,*,신문,*,NNP
월간조선,0,0,0,Noun,固有名詞,*,*,*,월간조선,월간조선,月刊朝鮮,신문,*,NNP
월간중앙,0,0,0,Noun,固有名詞,*,*,*,월간중앙,월간중앙,月刊中央,신문,*,NNP
위클리자동차신문,0,0,0,Noun,固有名詞,*,*,*,위클리자동차신문,위클리자동차신문,위클리自動車新聞,신문,*,NNP
이데일리,0,0,0,Noun,固有名詞,*,*,*,이데일리,이데일리,*,신문,*,NNP
이코노미스트,0,0,0,Noun,固有名詞,*,*,*,이코노미스트,이코노미스트,*,신문,*,NNP
이코노미인사이트,0,0,0,Noun,固有名詞,*,*,*,이코노미인사이트,이코노미인사이트,*,신문,*,NNP
이투데이,0,0,0,Noun,固有名詞,*,*,*,이투데이,이투데이,*,신문,*,NNP
이프,0,0,0,Noun,固有名詞,*,*,*,이프,이프,*,신문,*,NNP
인스타일,0,0,0,Noun,固有名詞,*,*,*,인스타일,인스타일,*,신문,*,NNP
인천일보,0,0,0,Noun,固有名詞,*,*,*,인천일보,인천일보,仁川日報,신문,*,NNP
인터넷교차로,0,0,0,Noun,固有名詞,*,*,*,인터넷교차로,인터넷교차로,인터넷交叉路,신문,*,NNP
인터넷연감,0,0,0,Noun,固有名詞,*,*,*,인터넷연감,인터넷연감,인터넷年鑑,신문,*,NNP
일간광주신문,0,0,0,Noun,固有名詞,*,*,*,일간광주신문,일간광주신문,日刊光州新聞,신문,*,NNP
일간뉴스경남,0,0,0,Noun,固有名詞,*,*,*,일간뉴스경남,일간뉴스경남,日刊뉴스慶南,신문,*,NNP
일간스포츠,0,0,0,Noun,固有名詞,*,*,*,일간스포츠,일간스포츠,日刊스포츠,신문,*,NNP
일요신문,0,0,0,Noun,固有名詞,*,*,*,일요신문,일요신문,日曜新聞,신문,*,NNP
잡크래커,0,0,0,Noun,固有名詞,*,*,*,잡크래커,잡크래커,*,신문,*,NNP
전광일보,0,0,0,Noun,固有名詞,*,*,*,전광일보,전광일보,全光日報,신문,*,NNP
전국매일,0,0,0,Noun,固有名詞,*,*,*,전국매일,전국매일,全國每日,신문,*,NNP
전남도민일보,0,0,0,Noun,固有名詞,*,*,*,전남도민일보,전남도민일보,全南道民日報,신문,*,NNP
전남매일,0,0,0,Noun,固有名詞,*,*,*,전남매일,전남매일,全南每日,신문,*,NNP
전남일보,0,0,0,Noun,固有名詞,*,*,*,전남일보,전남일보,全南日報,신문,*,NNP
전라매일,0,0,0,Noun,固有名詞,*,*,*,전라매일,전라매일,全羅每日,신문,*,NNP
전민일보,0,0,0,Noun,固有名詞,*,*,*,전민일보,전민일보,全民日報,신문,*,NNP
전북도민일보,0,0,0,Noun,固有名詞,*,*,*,전북도민일보,전북도민일보,全北道民日報,신문,*,NNP
전북매일신문,0,0,0,Noun,固有名詞,*,*,*,전북매일신문,전북매일신문,全北每日新聞,신문,*,NNP
전북연합신문,0,0,0,Noun,固有名詞,*,*,*,전북연합신문,전북연합신문,全北聯合新聞,신문,*,NNP
전북일보,0,0,0,Noun,固有名詞,*,*,*,전북일보,전북일보,全北日報,신문,*,NNP
전북중앙신문,0,0,0,Noun,固有名詞,*,*,*,전북중앙신문,전북중앙신문,全北中央新聞,신문,*,NNP
전북타임스,0,0,0,Noun,固有名詞,*,*,*,전북타임스,전북타임스,全北타임스,신문,*,NNP
전자신문,0,0,0,Noun,固有名詞,*,*,*,전자신문,전자신문,電子新聞,신문,*,NNP
전주일보,0,0,0,Noun,固有名詞,*,*,*,전주일보,전주일보,全州日報,신문,*,NNP
정보통신신문,0,0,0,Noun,固有名詞,*,*,*,정보통신신문,정보통신신문,情報通信新聞,신문,*,NNP
제민일보,0,0,0,Noun,固有名詞,*,*,*,제민일보,제민일보,濟民日報,신문,*,NNP
제이피뉴스,0,0,0,Noun,固有名詞,*,*,*,제이피뉴스,제이피뉴스,*,신문,*,NNP
제주매일,0,0,0,Noun,固有名詞,*,*,*,제주매일,제주매일,濟州每日,신문,*,NNP
제주신문,0,0,0,Noun,固有名詞,*,*,*,제주신문,제주신문,濟州新聞,신문,*,NNP
제주일보,0,0,0,Noun,固有名詞,*,*,*,제주일보,제주일보,濟州日報,신문,*,NNP
조간호남일보,0,0,0,Noun,固有名詞,*,*,*,조간호남일보,조간호남일보,朝刊湖南日報,신문,*,NNP
조선신보,0,0,0,Noun,固有名詞,*,*,*,조선신보,조선신보,朝鮮新報,신문,*,NNP
조선인민보,0,0,0,Noun,固有名詞,*,*,*,조선인민보,조선인민보,朝鮮人民報,신문,*,NNP
조선일보,0,0,0,Noun,固有名詞,*,*,*,조선일보,조선일보,朝鮮日報,신문,*,NNP
조선중앙일보,0,0,0,Noun,固有名詞,*,*,*,조선중앙일보,조선중앙일보,朝鮮中央日報,신문,*,NNP
조세일보,0,0,0,Noun,固有名詞,*,*,*,조세일보,조세일보,租稅日報,신문,*,NNP
주간경향,0,0,0,Noun,固有名詞,*,*,*,주간경향,주간경향,週刊京鄕,신문,*,NNP
주간동아,0,0,0,Noun,固有名詞,*,*,*,주간동아,주간동아,週刊東亞,신문,*,NNP
주간조선,0,0,0,Noun,固有名詞,*,*,*,주간조선,주간조선,週刊朝鮮,신문,*,NNP
중도일보,0,0,0,Noun,固有名詞,*,*,*,중도일보,중도일보,中都日報,신문,*,NNP
중부매일,0,0,0,Noun,固有名詞,*,*,*,중부매일,중부매일,中部每日,신문,*,NNP
중부일보,0,0,0,Noun,固有名詞,*,*,*,중부일보,중부일보,中部日報,신문,*,NNP
중앙경제뉴스,0,0,0,Noun,固有名詞,*,*,*,중앙경제뉴스,중앙경제뉴스,中央經濟뉴스,신문,*,NNP
중앙뉴스,0,0,0,Noun,固有名詞,*,*,*,중앙뉴스,중앙뉴스,中央뉴스,신문,*,NNP
중앙데일리,0,0,0,Noun,固有名詞,*,*,*,중앙데일리,중앙데일리,中央데일리,신문,*,NNP
중앙일보,0,0,0,Noun,固有名詞,*,*,*,중앙일보,중앙일보,中央日報,신문,*,NNP
지역내일,0,0,0,Noun,固有名詞,*,*,*,지역내일,지역내일,地域來日,신문,*,NNP
참세상,0,0,0,Noun,固有名詞,*,*,*,참세상,참세상,참世上,신문,*,NNP
창원일보,0,0,0,Noun,固有名詞,*,*,*,창원일보,창원일보,昌原日報,신문,*,NNP
천지일보,0,0,0,Noun,固有名詞,*,*,*,천지일보,천지일보,天地日報,신문,*,NNP
충남일보,0,0,0,Noun,固有名詞,*,*,*,충남일보,충남일보,忠南日報,신문,*,NNP
충민일보,0,0,0,Noun,固有名詞,*,*,*,충민일보,충민일보,忠民日報,신문,*,NNP
충북일보,0,0,0,Noun,固有名詞,*,*,*,충북일보,충북일보,忠北日報,신문,*,NNP
충청도민신문,0,0,0,Noun,固有名詞,*,*,*,충청도민신문,충청도민신문,忠淸道民新聞,신문,*,NNP
충청매일,0,0,0,Noun,固有名詞,*,*,*,충청매일,충청매일,忠淸每日,신문,*,NNP
충청신문,0,0,0,Noun,固有名詞,*,*,*,충청신문,충청신문,忠淸新聞,신문,*,NNP
충청일보,0,0,0,Noun,固有名詞,*,*,*,충청일보,충청일보,忠淸日報,신문,*,NNP
충청타임즈,0,0,0,Noun,固有名詞,*,*,*,충청타임즈,충청타임즈,忠淸타임즈,신문,*,NNP
충청투데이,0,0,0,Noun,固有名詞,*,*,*,충청투데이,충청투데이,忠淸투데이,신문,*,NNP
코나스,0,0,0,Noun,固有名詞,*,*,*,코나스,코나스,*,신문,*,NNP
코나스넷,0,0,0,Noun,固有名詞,*,*,*,코나스넷,코나스넷,*,신문,*,NNP
코리아타임스,0,0,0,Noun,固有名詞,*,*,*,코리아타임스,코리아타임스,*,신문,*,NNP
코리아헤럴드,0,0,0,Noun,固有名詞,*,*,*,코리아헤럴드,코리아헤럴드,*,신문,*,NNP
코스모폴리탄,0,0,0,Noun,固有名詞,*,*,*,코스모폴리탄,코스모폴리탄,*,신문,*,NNP
쿠키뉴스,0,0,0,Noun,固有名詞,*,*,*,쿠키뉴스,쿠키뉴스,*,신문,*,NNP
크리스천투데이,0,0,0,Noun,固有名詞,*,*,*,크리스천투데이,크리스천투데이,*,신문,*,NNP
테니스코리아,0,0,0,Noun,固有名詞,*,*,*,테니스코리아,테니스코리아,*,신문,*,NNP
투데이에너지,0,0,0,Noun,固有名詞,*,*,*,투데이에너지,투데이에너지,*,신문,*,NNP
티브이데일리,0,0,0,Noun,固有名詞,*,*,*,티브이데일리,티브이데일리,*,신문,*,NNP
파이낸셜뉴스,0,0,0,Noun,固有名詞,*,*,*,파이낸셜뉴스,파이낸셜뉴스,*,신문,*,NNP
파이낸셜신문,0,0,0,Noun,固有名詞,*,*,*,파이낸셜신문,파이낸셜신문,파이낸셜新聞,신문,*,NNP
포브스,0,0,0,Noun,固有名詞,*,*,*,포브스,포브스,*,신문,*,NNP
포커스신문,0,0,0,Noun,固有名詞,*,*,*,포커스신문,포커스신문,포커스新聞,신문,*,NNP
포포투,0,0,0,Noun,固有名詞,*,*,*,포포투,포포투,*,신문,*,NNP
프라이데이,0,0,0,Noun,固有名詞,*,*,*,프라이데이,프라이데이,*,신문,*,NNP
프레시안,0,0,0,Noun,固有名詞,*,*,*,프레시안,프레시안,*,신문,*,NNP
하버드비즈니스리뷰,0,0,0,Noun,固有名詞,*,*,*,하버드비즈니스리뷰,하버드비즈니스리뷰,*,신문,*,NNP
한겨레,0,0,0,Noun,固有名詞,*,*,*,한겨레,한겨레,*,신문,*,NNP
한국경제신문,0,0,0,Noun,固有名詞,*,*,*,한국경제신문,한국경제신문,韓國經濟新聞,신문,*,NNP
한국성결신문,0,0,0,Noun,固有名詞,*,*,*,한국성결신문,한국성결신문,韓國聖潔新聞,신문,*,NNP
한국스포츠경제,0,0,0,Noun,固有名詞,*,*,*,한국스포츠경제,한국스포츠경제,韓國스포츠經濟,신문,*,NNP
한국에너지신문,0,0,0,Noun,固有名詞,*,*,*,한국에너지신문,한국에너지신문,韓國에너지新聞,신문,*,NNP
한국일보,0,0,0,Noun,固有名詞,*,*,*,한국일보,한국일보,韓國日報,신문,*,NNP
한남일보,0,0,0,Noun,固有名詞,*,*,*,한남일보,한남일보,韓南日報,신문,*,NNP
한라일보,0,0,0,Noun,固有名詞,*,*,*,한라일보,한라일보,漢拏日報,신문,*,NNP
한성순보,0,0,0,Noun,固有名詞,*,*,*,한성순보,한성순보,漢城旬報,신문,*,NNP
한중법률신문,0,0,0,Noun,固有名詞,*,*,*,한중법률신문,한중법률신문,韓中法律新聞,신문,*,NNP
허핑턴포스트,0,0,0,Noun,固有名詞,*,*,*,허핑턴포스트,허핑턴포스트,*,신문,*,NNP
헤럴드,0,0,0,Noun,固有名詞,*,*,*,헤럴드,헤럴드,*,신문,*,NNP
헤럴드경제,0,0,0,Noun,固有名詞,*,*,*,헤럴드경제,헤럴드경제,헤럴드經濟,신문,*,NNP
호남매일,0,0,0,Noun,固有名詞,*,*,*,호남매일,호남매일,湖南每日,신문,*,NNP
호남신문,0,0,0,Noun,固有名詞,*,*,*,호남신문,호남신문,湖南新聞,신문,*,NNP
호남제일신문,0,0,0,Noun,固有名詞,*,*,*,호남제일신문,호남제일신문,湖南第一新聞,신문,*,NNP
환경법률신문,0,0,0,Noun,固有名詞,*,*,*,환경법률신문,환경법률신문,環境法律新聞,신문,*,NNP
환경일보,0,0,0,Noun,固有名詞,*,*,*,환경일보,환경일보,環境日報,신문,*,NNP
황성신문,0,0,0,Noun,固有名詞,*,*,*,황성신문,황성신문,皇城新聞,신문,*,NNP
희망일보,0,0,0,Noun,固有名詞,*,*,*,희망일보,희망일보,希望日報,신문,*,NNP
북한어,0,0,0,Noun,固有名詞,*,*,*,북한어,북한어,北韓語,*,*,NNP
그리스어,0,0,0,Noun,固有名詞,*,*,*,그리스어,그리스어,그리스語,Greece語,*,NNP
독어,0,0,0,Noun,固有名詞,*,*,*,독어04,독어,獨語,*,*,NNP
라틴어,0,0,0,Noun,固有名詞,*,*,*,라틴어,라틴어,라틴語,Latin어,*,NNP
러시아어,0,0,0,Noun,固有名詞,*,*,*,러시아어,러시아어,러시아語,Russia語,*,NNG
벵갈어,0,0,0,Noun,固有名詞,*,*,*,벵갈어,벵갈어,벵갈語,Bengal語,*,NNP
서구어,0,0,0,Noun,固有名詞,*,*,*,서구어,서구어,西歐語,*,*,NNP
서반아어,0,0,0,Noun,固有名詞,*,*,*,서반아어,서반아어,西班牙語,*,*,NNP
월남어,0,0,0,Noun,固有名詞,*,*,*,월남어,월남어,越南語,*,*,NNP
인구어,0,0,0,Noun,固有名詞,*,*,*,인구어,인구어,印歐語,*,*,NNP
조선어,0,0,0,Noun,固有名詞,*,*,*,조선어,조선어,朝鮮語,*,*,NNP
중어,0,0,0,Noun,固有名詞,*,*,*,중어02,중어,中語,*,*,NNP
한어,0,0,0,Noun,固有名詞,*,*,*,한어02,한어,漢語,*,*,NNP
헤브라이어,0,0,0,Noun,固有名詞,*,*,*,헤브라이어,헤브라이어,헤브라이語,Hebrew語,*,NNP
일어,0,0,0,Noun,固有名詞,*,*,*,일어,일어,日語,*,*,NNP
일왕,0,0,0,Noun,固有名詞,*,*,*,일왕,일왕,日王,*,*,NNP
프랑스어,0,0,0,Noun,固有名詞,*,*,*,프랑스어,프랑스어,프랑스語,France어,*,NNP
안남어,0,0,0,Noun,固有名詞,*,*,*,안남어,안남어,安南語,베트남어,*,NNP
이태리어,0,0,0,Noun,固有名詞,*,*,*,이태리어,이태리어,伊太利語,이탈리아어,*,NNP
인도어,0,0,0,Noun,固有名詞,*,*,*,인도어,인도어,印度語,*,*,NNP
화어,0,0,0,Noun,固有名詞,*,*,*,화어03,화어,華語,중국어,*,NNP
아어,0,0,0,Noun,固有名詞,*,*,*,아어01,아어,俄語,러시아어,*,NNP
아라사어,0,0,0,Noun,固有名詞,*,*,*,아라사어,아라사어,俄羅斯語,러시아어,*,NNP
한어,0,0,0,Noun,固有名詞,*,*,*,한어03,한어,韓語,*,*,NNP
희랍어,0,0,0,Noun,固有名詞,*,*,*,희랍어,희랍어,希臘語,그리스어,*,NNP
객가어,0,0,0,Noun,固有名詞,*,*,*,객가어,객가어,客家語,*,*,NNP
고영어,0,0,0,Noun,固有名詞,*,*,*,고영어,고영어,古英語,*,*,NNP
고구려어,0,0,0,Noun,固有名詞,*,*,*,고구려어,고구려어,高句麗語,*,*,NNP
지나어,0,0,0,Noun,固有名詞,*,*,*,지나어,지나어,支那語,중국어,*,NNP
신라어,0,0,0,Noun,固有名詞,*,*,*,신라어,신라어,新羅語,*,*,NNP
서전어,0,0,0,Noun,固有名詞,*,*,*,서전어,서전어,瑞典語,스웨덴어,*,NNP
서하어,0,0,0,Noun,固有名詞,*,*,*,서하어,서하어,西夏語,*,*,NNP
서장어,0,0,0,Noun,固有名詞,*,*,*,서장어,서장어,西藏語,티베트어,*,NNP
천축어,0,0,0,Noun,固有名詞,*,*,*,천축어,천축어,天竺語,산스크리트어,*,NNP
토이기어,0,0,0,Noun,固有名詞,*,*,*,토이기어,토이기어,土耳其語,터키어,*,NNP
돌궐어,0,0,0,Noun,固有名詞,*,*,*,돌궐어,돌궐어,突厥語,*,*,NNP
마래어,0,0,0,Noun,固有名詞,*,*,*,마래어,마래어,馬來語,말레이어,*,NNP
백제어,0,0,0,Noun,固有名詞,*,*,*,백제어,백제어,百濟語,*,*,NNP
포와어,0,0,0,Noun,固有名詞,*,*,*,포와어,포와어,布蛙語,하와이어,*,NNP
법어,0,0,0,Noun,固有名詞,*,*,*,법어02,법어,法語,프랑스어,*,NNP
몽고어,0,0,0,Noun,固有名詞,*,*,*,몽고어,몽고어,蒙古語,*,*,NNP
몽어,0,0,0,Noun,固有名詞,*,*,*,몽어,몽어,蒙語,몽골어,*,NNP
유태어,0,0,0,Noun,固有名詞,*,*,*,유태어,유태어,猶太語,유대어,*,NNP
나전어,0,0,0,Noun,固有名詞,*,*,*,나전어,나전어,羅甸語,라틴어,*,NNP
류큐어,0,0,0,Noun,固有名詞,*,*,*,류큐어,류큐어,琉球語,*,*,NNP
유구어,0,0,0,Noun,固有名詞,*,*,*,유구어,유구어,琉球語,류큐어,*,NNP
노어,0,0,0,Noun,固有名詞,*,*,*,노어02,노어,露語,*,*,NNP
노서아어,0,0,0,Noun,固有名詞,*,*,*,노서아어,노서아어,露西亞語,*,*,NNP
화란어,0,0,0,Noun,固有名詞,*,*,*,화란어,화란어,和蘭語,네덜란드어,*,NNP
불어,0,0,0,Noun,固有名詞,*,*,*,불어03,불어,佛語,프랑스어,*,NNP
불란서어,0,0,0,Noun,固有名詞,*,*,*,불란서어,불란서어,佛蘭西語,*,*,NNP
광동어,0,0,0,Noun,固有名詞,*,*,*,광동어,광동어,廣東語,*,*,NNP
산스크리트어,0,0,0,Noun,固有名詞,*,*,*,산스크리트어,산스크리트어,산스크리트語,*,*,NNP
스웨덴어,0,0,0,Noun,固有名詞,*,*,*,스웨덴어,스웨덴어,스웨덴語,*,*,NNP
범어,0,0,0,Noun,固有名詞,*,*,*,범어02,범어,梵語,산스크리트어,*,NNP
만어,0,0,0,Noun,固有名詞,*,*,*,만어02,만어,滿語,만주어,*,NNP
만주어,0,0,0,Noun,固有名詞,*,*,*,만주어,만주어,滿洲語,*,*,NNP
덕어,0,0,0,Noun,固有名詞,*,*,*,덕어,덕어,德語,독일어,*,NNP
청어,0,0,0,Noun,固有名詞,*,*,*,청어02,청어,淸語,만주어,*,NNP
네덜란드어,0,0,0,Noun,固有名詞,*,*,*,네덜란드어,네덜란드어,네덜란드語,*,*,NNP
말레이어,0,0,0,Noun,固有名詞,*,*,*,말레이어,말레이어,말레이語,*,*,NNP
몽골어,0,0,0,Noun,固有名詞,*,*,*,몽골어,몽골어,몽골語,*,*,NNP
베트남어,0,0,0,Noun,固有名詞,*,*,*,베트남어,베트남어,베트남語,*,*,NNP
유대어,0,0,0,Noun,固有名詞,*,*,*,유대어,유대어,유대語,*,*,NNP
이탈리아어,0,0,0,Noun,固有名詞,*,*,*,이탈리아어,이탈리아어,이탈리아語,*,*,NNP
터키어,0,0,0,Noun,固有名詞,*,*,*,터키어,터키어,터키語,*,*,NNP
티베트어,0,0,0,Noun,固有名詞,*,*,*,티베트어,티베트어,티베트語,*,*,NNP
하와이어,0,0,0,Noun,固有名詞,*,*,*,하와이어,하와이어,하와이語,*,*,NNP
암하라어,0,0,0,Noun,固有名詞,*,*,*,암하라어,암하라어,암하라語,Amhara語,*,NNP
아랍어,0,0,0,Noun,固有名詞,*,*,*,아랍어,아랍어,아랍語,Arab語,*,NNP
아삼어,0,0,0,Noun,固有名詞,*,*,*,아삼어,아삼어,아삼語,Assam語,*,NNP
벨라루스어,0,0,0,Noun,固有名詞,*,*,*,벨라루스어,벨라루스어,벨라루스語,Belarus語,*,NNP
벵골어,0,0,0,Noun,固有名詞,*,*,*,벵골어,벵골어,벵골語,Bengal語,*,NNP
베르베르어,0,0,0,Noun,固有名詞,*,*,*,베르베르어,베르베르어,베르베르語,Berber語,*,NNP
버마어,0,0,0,Noun,固有名詞,*,*,*,버마어,버마어,버마語,Burma語,*,NNP
캄보디아어,0,0,0,Noun,固有名詞,*,*,*,캄보디아어,캄보디아어,캄보디아語,Cambodia語,*,NNP
체코어,0,0,0,Noun,固有名詞,*,*,*,체코어,체코어,체코語,Czech語,*,NNP
에스파냐어,0,0,0,Noun,固有名詞,*,*,*,에스파냐어,에스파냐어,에스파냐語,España語,*,NNP
구자라트어,0,0,0,Noun,固有名詞,*,*,*,구자라트어,구자라트어,구자라트語,Gujarat語,*,NNP
하우사어,0,0,0,Noun,固有名詞,*,*,*,하우사어,하우사어,하우사語,Hausa語,*,NNP
힌디어,0,0,0,Noun,固有名詞,*,*,*,힌디어,힌디어,힌디語,Hindi語,*,NNP
헝가리어,0,0,0,Noun,固有名詞,*,*,*,헝가리어,헝가리어,헝가리語,Hungary語,*,NNP
인도네시아어,0,0,0,Noun,固有名詞,*,*,*,인도네시아어,인도네시아어,인도네시아語,Indonesia語,*,NNP
카자흐어,0,0,0,Noun,固有名詞,*,*,*,카자흐어,카자흐어,카자흐語,Kazakh語,*,NNP
크메르어,0,0,0,Noun,固有名詞,*,*,*,크메르어,크메르어,크메르語,Khmer語,*,NNP
쿠르드어,0,0,0,Noun,固有名詞,*,*,*,쿠르드어,쿠르드어,쿠르드語,Kurd語,*,NNP
마라티어,0,0,0,Noun,固有名詞,*,*,*,마라티어,마라티어,마라티語,Mahratti語,*,NNP
말라가시어,0,0,0,Noun,固有名詞,*,*,*,말라가시어,말라가시어,말라가시語,Malagasy語,*,NNP
네팔어,0,0,0,Noun,固有名詞,*,*,*,네팔어,네팔어,네팔語,Nepal語,*,NNP
파슈토어,0,0,0,Noun,固有名詞,*,*,*,파슈토어,파슈토어,파슈토語,Pashto語,*,NNP
페르시아어,0,0,0,Noun,固有名詞,*,*,*,페르시아어,페르시아어,페르시아語,Persia語,*,NNP
폴란드어,0,0,0,Noun,固有名詞,*,*,*,폴란드어,폴란드어,폴란드語,Poland語,*,NNP
포르투갈어,0,0,0,Noun,固有名詞,*,*,*,포르투갈어,포르투갈어,포르투갈語,Portugal語,*,NNP
펀자브어,0,0,0,Noun,固有名詞,*,*,*,펀자브어,펀자브어,펀자브語,Punjab語,*,NNP
케추아어,0,0,0,Noun,固有名詞,*,*,*,케추아어,케추아어,케추아語,Quechua語,*,NNP
루마니아어,0,0,0,Noun,固有名詞,*,*,*,루마니아어,루마니아어,루마니아語,Rumania語,*,NNP
세르보크로아트어,0,0,0,Noun,固有名詞,*,*,*,세르보크로아트어,세르보크로아트어,세르보크로아트語,Serbo-Croat語,*,NNP
쇼나어,0,0,0,Noun,固有名詞,*,*,*,쇼나어,쇼나어,쇼나語,Shona語,*,NNP
소말리어,0,0,0,Noun,固有名詞,*,*,*,소말리어,소말리어,소말리語,Somali語,*,NNP
스페인어,0,0,0,Noun,固有名詞,*,*,*,스페인어,스페인어,스페인語,Spain語,*,NNP
타갈로그어,0,0,0,Noun,固有名詞,*,*,*,타갈로그어,타갈로그어,타갈로그語,Tagalog語,*,NNP
타밀어,0,0,0,Noun,固有名詞,*,*,*,타밀어,타밀어,타밀語,Tamil語,*,NNP
텔루구어,0,0,0,Noun,固有名詞,*,*,*,텔루구어,텔루구어,텔루구語,Telugu語,*,NNP
투르크멘어,0,0,0,Noun,固有名詞,*,*,*,투르크멘어,투르크멘어,투르크멘語,Turkmen語,*,NNP
위구르어,0,0,0,Noun,固有名詞,*,*,*,위구르어,위구르어,위구르語,Uighur語,*,NNP
우크라이나어,0,0,0,Noun,固有名詞,*,*,*,우크라이나어,우크라이나어,우크라이나語,Ukraina語,*,NNP
우르두어,0,0,0,Noun,固有名詞,*,*,*,우르두어,우르두어,우르두語,Urdu語,*,NNP
우즈베크어,0,0,0,Noun,固有名詞,*,*,*,우즈베크어,우즈베크어,우즈베크語,Uzbek語,*,NNP
요루바어,0,0,0,Noun,固有名詞,*,*,*,요루바어,요루바어,요루바語,Yoruba語,*,NNP
줄루어,0,0,0,Noun,固有名詞,*,*,*,줄루어,줄루어,줄루語,Zulu語,*,NNP
공어,0,0,0,Noun,固有名詞,*,*,*,공어,공어,贛語,간어,*,NNP
상어,0,0,0,Noun,固有名詞,*,*,*,상어,상어,湘語,샹어,*,NNP
오어,0,0,0,Noun,固有名詞,*,*,*,오어,오어,吳語,우어,*,NNP
장어,0,0,0,Noun,固有名詞,*,*,*,장어,장어,壯語,좡어,*,NNP
하카어,0,0,0,Noun,固有名詞,*,*,*,하카어,하카어,하카語,客家語,*,NNP
학가어,0,0,0,Noun,固有名詞,*,*,*,학가어,학가어,학가語,客家語,*,NNP
샹어,0,0,0,Noun,固有名詞,*,*,*,샹어,샹어,샹語,湘語,*,NNP
좡어,0,0,0,Noun,固有名詞,*,*,*,좡어,좡어,좡語,壯語,*,NNP
광둥어,0,0,0,Noun,固有名詞,*,*,*,광둥어,광둥어,광둥語,廣東語,*,NNP
우어,0,0,0,Noun,固有名詞,*,*,*,우어,우어,우語,吳語,*,NNP
간어,0,0,0,Noun,固有名詞,*,*,*,간어,간어,간語,贛語,*,NNP
다키니어,0,0,0,Noun,固有名詞,*,*,*,다키니어,다키니어,다키니語,*,*,NNP
둔다리어,0,0,0,Noun,固有名詞,*,*,*,둔다리어,둔다리어,둔다리語,*,*,NNP
마가히어,0,0,0,Noun,固有名詞,*,*,*,마가히어,마가히어,마가히語,*,*,NNP
마두라어,0,0,0,Noun,固有名詞,*,*,*,마두라어,마두라어,마두라語,*,*,NNP
마르와리어,0,0,0,Noun,固有名詞,*,*,*,마르와리어,마르와리어,마르와리語,*,*,NNP
마이틸리어,0,0,0,Noun,固有名詞,*,*,*,마이틸리어,마이틸리어,마이틸리語,*,*,NNP
말라얄람어,0,0,0,Noun,固有名詞,*,*,*,말라얄람어,말라얄람어,말라얄람語,*,*,NNP
모시어,0,0,0,Noun,固有名詞,*,*,*,모시어,모시어,모시語,*,*,NNP
몽어,0,0,0,Noun,固有名詞,*,*,*,몽어80,몽어,몽語,*,*,NNP
발루치어,0,0,0,Noun,固有名詞,*,*,*,발루치어,발루치어,발루치語,*,*,NNP
보지푸리어,0,0,0,Noun,固有名詞,*,*,*,보지푸리어,보지푸리어,보지푸리語,*,*,NNP
사라이키어,0,0,0,Noun,固有名詞,*,*,*,사라이키어,사라이키어,사라이키語,*,*,NNP
세부아노어,0,0,0,Noun,固有名詞,*,*,*,세부아노어,세부아노어,세부아노語,*,*,NNP
순다어,0,0,0,Noun,固有名詞,*,*,*,순다어,순다어,순다語,*,*,NNP
신디어,0,0,0,Noun,固有名詞,*,*,*,신디어,신디어,신디語,*,*,NNP
실헤티어,0,0,0,Noun,固有名詞,*,*,*,실헤티어,실헤티어,실헤티語,*,*,NNP
싱할라어,0,0,0,Noun,固有名詞,*,*,*,싱할라어,싱할라어,싱할라語,*,*,NNP
아와디어,0,0,0,Noun,固有名詞,*,*,*,아와디어,아와디어,아와디語,*,*,NNP
아이티어,0,0,0,Noun,固有名詞,*,*,*,아이티어,아이티어,아이티語,*,*,NNP
아제리어,0,0,0,Noun,固有名詞,*,*,*,아제리어,아제리어,아제리語,*,*,NNP
아칸어,0,0,0,Noun,固有名詞,*,*,*,아칸어,아칸어,아칸語,*,*,NNP
오로모어,0,0,0,Noun,固有名詞,*,*,*,오로모어,오로모어,오로모語,*,*,NNP
오리야어,0,0,0,Noun,固有名詞,*,*,*,오리야어,오리야어,오리야語,*,*,NNP
이그보어,0,0,0,Noun,固有名詞,*,*,*,이그보어,이그보어,이그보語,*,*,NNP
일로카노어,0,0,0,Noun,固有名詞,*,*,*,일로카노어,일로카노어,일로카노語,*,*,NNP
자와어,0,0,0,Noun,固有名詞,*,*,*,자와어,자와어,자와語,*,*,NNP
치체와어,0,0,0,Noun,固有名詞,*,*,*,치체와어,치체와어,치체와語,*,*,NNP
치타공어,0,0,0,Noun,固有名詞,*,*,*,치타공어,치타공어,치타공語,*,*,NNP
치하티스가리어,0,0,0,Noun,固有名詞,*,*,*,치하티스가리어,치하티스가리어,치하티스가리語,*,*,NNP
칸나다어,0,0,0,Noun,固有名詞,*,*,*,칸나다어,칸나다어,칸나다語,*,*,NNP
코사어,0,0,0,Noun,固有名詞,*,*,*,코사어,코사어,코사語,*,*,NNP
콘칸어,0,0,0,Noun,固有名詞,*,*,*,콘칸어,콘칸어,콘칸語,*,*,NNP
키냐르완다어,0,0,0,Noun,固有名詞,*,*,*,키냐르완다어,키냐르완다어,키냐르완다語,*,*,NNP
키룬디어,0,0,0,Noun,固有名詞,*,*,*,키룬디어,키룬디어,키룬디語,*,*,NNP
풀라어,0,0,0,Noun,固有名詞,*,*,*,풀라어,풀라어,풀라語,*,*,NNP
헤르얀비어,0,0,0,Noun,固有名詞,*,*,*,헤르얀비어,헤르얀비어,헤르얀비語,*,*,NNP
힐리가이논어,0,0,0,Noun,固有名詞,*,*,*,힐리가이논어,힐리가이논어,힐리가이논語,*,*,NNP
태국어,0,0,0,Noun,固有名詞,*,*,*,태국어,태국어,泰國語,*,*,NNP
보통화,0,0,0,Noun,固有名詞,*,*,*,보통화,보통화,普通話,*,*,NNP
진어,0,0,0,Noun,固有名詞,*,*,*,진어,진어,晉語,*,*,NNP
월어,0,0,0,Noun,固有名詞,*,*,*,월어,월어,粤語,*,*,NNP
민둥어,0,0,0,Noun,固有名詞,*,*,*,민둥어,민둥어,閩東語,*,*,NNP
민난어,0,0,0,Noun,固有名詞,*,*,*,민난어,민난어,閩南語,*,*,NNP
민북어,0,0,0,Noun,固有名詞,*,*,*,민북어,민북어,閩北語,*,*,NNP
타밀,0,0,0,Noun,固有名詞,*,*,*,타밀,타밀,*,Tamil,*,NNP
타잔,0,0,0,Noun,固有名詞,*,*,*,타잔,타잔,*,Tarzan,*,NNP
타이타닉,0,0,0,Noun,固有名詞,*,*,*,타이타닉,타이타닉,*,Titanic,*,NNP
진달래꽃,0,0,0,Noun,固有名詞,*,*,*,진달래꽃02,진달래꽃,*,*,*,NNP
산유화,0,0,0,Noun,固有名詞,*,*,*,산유화01,산유화,山有花,*,*,NNP
접동새,0,0,0,Noun,固有名詞,*,*,*,접동새01,접동새,*,*,*,NNP
마그레비,0,0,0,Noun,固有名詞,*,*,*,마그레비,마그레비,*,*,*,NNP
천황배,0,0,0,Noun,固有名詞,*,*,*,천황배,천황배,天皇杯,*,*,NNP
우루과이라운드,0,0,0,Noun,固有名詞,*,*,*,우루과이라운드,우루과이라운드,*,Uruguay Round,*,NNP
데미렐,0,0,0,Noun,固有名詞,*,*,*,데미렐,데미렐,*,*,*,NNP
독립신문,0,0,0,Noun,固有名詞,*,*,*,독립신문,독립신문,獨立新聞,*,*,NNP
매천야록,0,0,0,Noun,固有名詞,*,*,*,매천야록,매천야록,梅泉野錄,*,*,NNP
몽유도원도,0,0,0,Noun,固有名詞,*,*,*,몽유도원도,몽유도원도,夢遊桃源圖,*,*,NNP
서편제,0,0,0,Noun,固有名詞,*,*,*,서편제,서편제,西便制,영화제목,*,NNP
쉬리,0,0,0,Noun,固有名詞,*,*,*,쉬리,쉬리,*,영화제목,*,NNP
오아시스,0,0,0,Noun,固有名詞,*,*,*,오아시스,오아시스,*,영화제목,*,NNP
주역,0,0,0,Noun,固有名詞,*,*,*,주역02,주역,周易,*,*,NNP
창세기,0,0,0,Noun,固有名詞,*,*,*,창세기,창세기,創世記,*,*,NNP
로텐더홀,0,0,0,Noun,固有名詞,*,*,*,로텐더홀,로텐더홀,*,*,*,NNP
로턴다홀,0,0,0,Noun,固有名詞,*,*,*,로턴다홀,로턴다홀,*,*,*,NNP
로턴더홀,0,0,0,Noun,固有名詞,*,*,*,로턴더홀,로턴더홀,*,*,*,NNP
하야부사,0,0,0,Noun,固有名詞,*,*,*,하야부사,하야부사,*,"&일 Hayabusa",*,NNP
사이언스,0,0,0,Noun,固有名詞,*,*,*,사이언스,사이언스,*,"미국 과학지 Science",*,NNP
아사히신문,0,0,0,Noun,固有名詞,*,*,*,아사히신문,아사히신문,아사히新聞,"일본 신문",*,NNP
인터콘티넨탈,0,0,0,Noun,固有名詞,*,*,*,인터콘티넨탈,인터콘티넨탈,*,InterContinental,*,NNP
표준국어대사전,0,0,0,Noun,固有名詞,*,*,*,표준국어대사전,표준국어대사전,標準國語大辭典,*,*,NNP
조선말대사전,0,0,0,Noun,固有名詞,*,*,*,조선말대사전,조선말대사전,朝鮮말大辭典,*,*,NNP
여진족,0,0,0,Noun,固有名詞,*,*,*,여진족,여진족,女眞族,*,*,NNP
월스트리트저널,0,0,0,Noun,固有名詞,*,*,*,월스트리트저널,월스트리트저널,*,"Wall Street Journal",*,NNP
백인종,0,0,0,Noun,固有名詞,*,*,*,백인종,백인종,白人種,*,*,NNP
흑인종,0,0,0,Noun,固有名詞,*,*,*,흑인종,흑인종,黑人種,*,*,NNP
뉴욕타임스,0,0,0,Noun,固有名詞,*,*,*,뉴욕타임스,뉴욕타임스,*,"New York Times",*,NNP
한국프레스센터,0,0,0,Noun,固有名詞,*,*,*,한국프레스센터,한국프레스센터,韓國프레스센터,"한국press center",*,NNP
트위치,0,0,0,Noun,固有名詞,*,*,*,트위치,트위치,*,Twitch,*,NNP
아프리카TV,0,0,0,Noun,固有名詞,*,*,*,아프리카TV,아프리카TV,*,AfreecaTV,*,NNP
카카오TV,0,0,0,Noun,固有名詞,*,*,*,카카오TV,카카오TV,*,"KAKAO TV",*,NNP
스푼,0,0,0,Noun,固有名詞,*,*,*,스푼,스푼,*,Spoon,*,NNP
비고라이브,0,0,0,Noun,固有名詞,*,*,*,비고라이브,비고라이브,*,"BIGO LIVE",*,NNP
넷플릭스,0,0,0,Noun,固有名詞,*,*,*,넷플릭스,넷플릭스,*,Netflix,*,NNP
쿠팡플레이,0,0,0,Noun,固有名詞,*,*,*,쿠팡플레이,쿠팡플레이,*,"Coupang Play",*,NNP
웨이브,0,0,0,Noun,固有名詞,*,*,*,웨이브80,웨이브,*,wavve,*,NNP
티빙,0,0,0,Noun,固有名詞,*,*,*,티빙,티빙,*,TVING,*,NNP
한국사학보,0,0,0,Noun,固有名詞,*,*,*,한국사학보,한국사학보,韓國史學報,*,*,NNP
삼국사기,0,0,0,Noun,固有名詞,*,*,*,삼국사기,삼국사기,三國史記,*,*,NNP
경북선,0,0,0,Noun,固有名詞,*,*,*,경북선,경북선,慶北線,*,*,NNP
신한울,0,0,0,Noun,固有名詞,*,*,*,신한울,신한울,新한울,"신한울원자력발전소",*,NNP
신한민보,0,0,0,Noun,固有名詞,*,*,*,신한민보,신한민보,新韓民報,*,*,NNP
서울경제,0,0,0,Noun,固有名詞,*,*,*,서울경제,서울경제,서울經濟,*,*,NNP
백악관,0,0,0,Noun,固有名詞,*,*,*,백악관,백악관,白堊館,*,*,NNP
천안함,0,0,0,Noun,固有名詞,*,*,*,천안함,천안함,天安艦,*,*,NNP
세종대왕함,0,0,0,Noun,固有名詞,*,*,*,세종대왕함,세종대왕함,世宗大王艦,*,*,NNP
율곡이이함,0,0,0,Noun,固有名詞,*,*,*,율곡이이함,율곡이이함,栗谷李珥艦,*,*,NNP
서애류성룡함,0,0,0,Noun,固有名詞,*,*,*,서애류성룡함,서애류성룡함,西厓柳成龍艦,*,*,NNP
독도함,0,0,0,Noun,固有名詞,*,*,*,독도함,독도함,獨島艦,*,*,NNP
마라도함,0,0,0,Noun,固有名詞,*,*,*,마라도함,마라도함,馬羅島艦,*,*,NNP
충무공이순신함,0,0,0,Noun,固有名詞,*,*,*,충무공이순신함,충무공이순신함,忠武公李舜臣艦,*,*,NNP
문무대왕함,0,0,0,Noun,固有名詞,*,*,*,문무대왕함,문무대왕함,文武大王艦,*,*,NNP
대조영함,0,0,0,Noun,固有名詞,*,*,*,대조영함,대조영함,大祚榮艦,*,*,NNP
왕건함,0,0,0,Noun,固有名詞,*,*,*,왕건함,왕건함,王建艦,*,*,NNP
강감찬함,0,0,0,Noun,固有名詞,*,*,*,강감찬함,강감찬함,姜邯贊艦/姜邯瓚艦,*,*,NNP
최영함,0,0,0,Noun,固有名詞,*,*,*,최영함,최영함,崔瑩艦,*,*,NNP
광개토대왕함,0,0,0,Noun,固有名詞,*,*,*,광개토대왕함,광개토대왕함,廣開土大王艦,*,*,NNP
을지문덕함,0,0,0,Noun,固有名詞,*,*,*,을지문덕함,을지문덕함,乙支文德艦,*,*,NNP
양만춘함,0,0,0,Noun,固有名詞,*,*,*,양만춘함,양만춘함,梁萬春艦/楊萬春艦,*,*,NNP
도산안창호함,0,0,0,Noun,固有名詞,*,*,*,도산안창호함,도산안창호함,島山安昌浩艦,*,*,NNP
안창호함,0,0,0,Noun,固有名詞,*,*,*,안창호함,안창호함,安昌浩艦,*,*,NNP
손원일함,0,0,0,Noun,固有名詞,*,*,*,손원일함,손원일함,孫元一艦,*,*,NNP
정지함,0,0,0,Noun,固有名詞,*,*,*,정지함,정지함,鄭地艦,*,*,NNP
안중근함,0,0,0,Noun,固有名詞,*,*,*,안중근함,안중근함,安重根艦,*,*,NNP
김좌진함,0,0,0,Noun,固有名詞,*,*,*,김좌진함,김좌진함,金佐鎭艦,*,*,NNP
윤봉길함,0,0,0,Noun,固有名詞,*,*,*,윤봉길함,윤봉길함,尹奉吉艦,*,*,NNP
유관순함,0,0,0,Noun,固有名詞,*,*,*,유관순함,유관순함,柳寬順艦,*,*,NNP
홍범도함,0,0,0,Noun,固有名詞,*,*,*,홍범도함,홍범도함,洪範圖艦,*,*,NNP
이범석함,0,0,0,Noun,固有名詞,*,*,*,이범석함,이범석함,李範奭艦,*,*,NNP
신돌석함,0,0,0,Noun,固有名詞,*,*,*,신돌석함,신돌석함,申乭石艦,*,*,NNP
장보고함,0,0,0,Noun,固有名詞,*,*,*,장보고함,장보고함,張保皐艦,*,*,NNP
최무선함,0,0,0,Noun,固有名詞,*,*,*,최무선함,최무선함,崔茂宣艦,*,*,NNP
이천함,0,0,0,Noun,固有名詞,*,*,*,이천함,이천함,李仟艦,*,*,NNP
박위함,0,0,0,Noun,固有名詞,*,*,*,박위함,박위함,朴葳艦,*,*,NNP
이종무함,0,0,0,Noun,固有名詞,*,*,*,이종무함,이종무함,李從茂艦,*,*,NNP
정운함,0,0,0,Noun,固有名詞,*,*,*,정운함,정운함,鄭運艦,*,*,NNP
이순신함,0,0,0,Noun,固有名詞,*,*,*,이순신함,이순신함,李純信艦,*,*,NNP
나대용함,0,0,0,Noun,固有名詞,*,*,*,나대용함,나대용함,羅大用艦,*,*,NNP
이억기함,0,0,0,Noun,固有名詞,*,*,*,이억기함,이억기함,李億祺艦,*,*,NNP
부산롯데타워,0,0,0,Noun,固有名詞,*,*,*,부산롯데타워,부산롯데타워,釜山롯데타워,"부산 Lotte tower",*,NNG
롯데타워,0,0,0,Noun,固有名詞,*,*,*,롯데타워,롯데타워,*,"Lotte tower",*,NNG
세월호,0,0,0,Noun,固有名詞,*,*,*,세월호,세월호,세월號,"선박 이름",*,NNP
우리민족끼리,0,0,0,Noun,固有名詞,*,*,*,우리민족끼리,우리민족끼리,우리民族끼리,"북한 매체",*,NNP
메아리,0,0,0,Noun,固有名詞,*,*,*,메아리80,메아리,*,"북한 매체",*,NNP
둔촌주공,0,0,0,Noun,固有名詞,*,*,*,둔촌주공,둔촌주공,遁村住公,둔촌주공아파트,*,NNP
숭례문,0,0,0,Noun,固有名詞,*,*,*,숭례문,숭례문,崇禮門,*,*,NNP
아재당,0,0,0,Noun,固有名詞,*,*,*,아재당,아재당,我在堂,"서울 운현궁 내 건물",*,NNP
위구르,0,0,0,Noun,固有名詞,*,*,*,위구르,위구르,*,Uighur,*,NNP
환구시보,0,0,0,Noun,固有名詞,*,*,*,환구시보,환구시보,環球時報,*,*,NNP
인스타그램,0,0,0,Noun,固有名詞,*,*,*,인스타그램,인스타그램,*,Instagram,*,NNP
대천사격장,0,0,0,Noun,固有名詞,*,*,*,대천사격장,대천사격장,大川射擊場,*,*,NNP
석가,0,0,0,Noun,固有名詞,*,*,*,석가03,석가,釋迦,"고대 인도의 종족",*,NNP
포켓몬,0,0,0,Noun,固有名詞,*,*,*,포켓몬,포켓몬,*,"Pokemon",*,NNP
가오레,0,0,0,Noun,固有名詞,*,*,*,가오레,가오레,*,"ポケモンガオーレ",*,NNP
제네시스,0,0,0,Noun,固有名詞,*,*,*,제네시스,제네시스,*,"Genesis:자동차 브랜드",*,NNP
우다오,0,0,0,Noun,固有名詞,*,*,*,우다오,우다오,*,"인공지능 이름",*,NNP
하이퍼클로바,0,0,0,Noun,固有名詞,*,*,*,하이퍼클로바,하이퍼클로바,*,"인공지능 이름",*,NNP
세이지메이커,0,0,0,Noun,固有名詞,*,*,*,세이지메이커,세이지메이커,*,"툴 이름",*,NNP
파이프라인,0,0,0,Noun,固有名詞,*,*,*,파이프라인,파이프라인,*,"pipeline:툴 이름",*,NNP
야후파이낸스,0,0,0,Noun,固有名詞,*,*,*,야후파이낸스,야후파이낸스,*,"Yahoo Finance",*,NNP
서울광장,0,0,0,Noun,固有名詞,*,*,*,서울광장,서울광장,서울廣場,*,*,NNP
서울장난감도서관,0,0,0,Noun,固有名詞,*,*,*,서울장난감도서관,서울장난감도서관,서울장난감圖書館,*,*,NNP
시티스타몰,0,0,0,Noun,固有名詞,*,*,*,시티스타몰,시티스타몰,*,"City Star Mall",*,NNP
삼국지,0,0,0,Noun,固有名詞,*,*,*,삼국지,삼국지,三國志,*,*,NNP
삼국지연의,0,0,0,Noun,固有名詞,*,*,*,삼국지연의,삼국지연의,三國志演義,*,*,NNP
서유기,0,0,0,Noun,固有名詞,*,*,*,서유기,서유기,西遊記,*,*,NNP
수호전,0,0,0,Noun,固有名詞,*,*,*,수호전,수호전,水滸傳,*,*,NNP
금병매,0,0,0,Noun,固有名詞,*,*,*,금병매,금병매,金甁梅,*,*,NNP
홍루몽,0,0,0,Noun,固有名詞,*,*,*,홍루몽,홍루몽,紅樓夢,*,*,NNP
벤츠,0,0,0,Noun,固有名詞,*,*,*,벤츠,벤츠,*,Bentz,*,NNP
포르쉐,0,0,0,Noun,固有名詞,*,*,*,포르쉐,포르쉐,*,Porsche,*,NNP
랜드로버,0,0,0,Noun,固有名詞,*,*,*,랜드로버,랜드로버,*,"Land Rover",*,NNP
주체사상탑,0,0,0,Noun,固有名詞,*,*,*,주체사상탑,주체사상탑,主體思想塔,*,*,NNP
을밀대,0,0,0,Noun,固有名詞,*,*,*,을밀대,을밀대,乙密臺,*,*,NNP
부벽루,0,0,0,Noun,固有名詞,*,*,*,부벽루,부벽루,浮碧樓,*,*,NNP
춘향전,0,0,0,Noun,固有名詞,*,*,*,춘향전,춘향전,春香傳,*,*,NNP
사랑가,0,0,0,Noun,固有名詞,*,*,*,사랑가,사랑가,사랑歌,*,*,NNP
훈민정음,0,0,0,Noun,固有名詞,*,*,*,훈민정음,훈민정음,訓民正音,*,*,NNP
대동문,0,0,0,Noun,固有名詞,*,*,*,대동문,대동문,大同門,*,*,NNP
개선문,0,0,0,Noun,固有名詞,*,*,*,개선문,개선문,凱旋門,*,*,NNP
올림픽파크포레온,0,0,0,Noun,固有名詞,*,*,*,올림픽파크포레온,올림픽파크포레온,*,"Olympic Park Foreon",*,NNP
신분당선,0,0,0,Noun,固有名詞,*,*,*,신분당선,신분당선,新盆唐線,*,*,NNP
경강선,0,0,0,Noun,固有名詞,*,*,*,경강선,경강선,京江線,*,*,NNP
경의중앙선,0,0,0,Noun,固有名詞,*,*,*,경의중앙선,경의중앙선,京義中央線,*,*,NNP
경의·중앙선,0,0,0,Noun,固有名詞,*,*,*,경의·중앙선,경의·중앙선,京義·中央線,*,*,NNP
경춘선,0,0,0,Noun,固有名詞,*,*,*,경춘선,경춘선,京春線,*,*,NNP
서해선,0,0,0,Noun,固有名詞,*,*,*,서해선,서해선,西海線,*,*,NNP
수인·분당선,0,0,0,Noun,固有名詞,*,*,*,수인·분당선,수인·분당선,水仁·盆唐線,*,*,NNP
수인분당선,0,0,0,Noun,固有名詞,*,*,*,수인분당선,수인분당선,水仁盆唐線,*,*,NNP
신림선,0,0,0,Noun,固有名詞,*,*,*,신림선,신림선,新林線,*,*,NNP
우이신설선,0,0,0,Noun,固有名詞,*,*,*,우이신설선,우이신설선,牛耳新設線,*,*,NNP
골드라인,0,0,0,Noun,固有名詞,*,*,*,골드라인,골드라인,*,Goldline,*,NNP
에버라인,0,0,0,Noun,固有名詞,*,*,*,에버라인,에버라인,*,Ever Line,*,NNP
경부고속선,0,0,0,Noun,固有名詞,*,*,*,경부고속선,경부고속선,京釜高速線,*,*,NNP
호남고속선,0,0,0,Noun,固有名詞,*,*,*,호남고속선,호남고속선,湖南高速線,*,*,NNP
수서평택고속선,0,0,0,Noun,固有名詞,*,*,*,수서평택고속선,수서평택고속선,水西平澤高速線,*,*,NNP
중앙선,0,0,0,Noun,固有名詞,*,*,*,중앙선,중앙선,中央線,*,*,NNP
중부내륙선,0,0,0,Noun,固有名詞,*,*,*,중부내륙선,중부내륙선,中部內陸線,*,*,NNP
경인선,0,0,0,Noun,固有名詞,*,*,*,경인선,경인선,京仁線,*,*,NNP
경부선,0,0,0,Noun,固有名詞,*,*,*,경부선,경부선,京釜線,*,*,NNP
경의선,0,0,0,Noun,固有名詞,*,*,*,경의선,경의선,京義線,*,*,NNP
호남선,0,0,0,Noun,固有名詞,*,*,*,호남선,호남선,湖南線,*,*,NNP
경원선,0,0,0,Noun,固有名詞,*,*,*,경원선,경원선,京元線,*,*,NNP
충북선,0,0,0,Noun,固有名詞,*,*,*,충북선,충북선,忠北線,*,*,NNP
경전선,0,0,0,Noun,固有名詞,*,*,*,경전선,경전선,慶全線,*,*,NNP
장항선,0,0,0,Noun,固有名詞,*,*,*,장항선,장항선,長項線,*,*,NNP
전라선,0,0,0,Noun,固有名詞,*,*,*,전라선,전라선,全羅線,*,*,NNP
동해선,0,0,0,Noun,固有名詞,*,*,*,동해선,동해선,東海線,*,*,NNP
영동선,0,0,0,Noun,固有名詞,*,*,*,영동선,영동선,嶺東線,*,*,NNP
태백선,0,0,0,Noun,固有名詞,*,*,*,태백선,태백선,太白線,*,*,NNP
안산선,0,0,0,Noun,固有名詞,*,*,*,안산선,안산선,安山線,*,*,NNP
과천선,0,0,0,Noun,固有名詞,*,*,*,과천선,과천선,果川線,*,*,NNP
분당선,0,0,0,Noun,固有名詞,*,*,*,분당선,분당선,盆唐線,*,*,NNP
일산선,0,0,0,Noun,固有名詞,*,*,*,일산선,일산선,一山線,*,*,NNP
인천국제공항철도,0,0,0,Noun,固有名詞,*,*,*,인천국제공항철도,인천국제공항철도,仁川國際空港鐵道,*,*,NNP
진접선,0,0,0,Noun,固有名詞,*,*,*,진접선,진접선,榛接線,*,*,NNP
평내기지선,0,0,0,Noun,固有名詞,*,*,*,평내기지선,평내기지선,坪內基地線,*,*,NNP
문경선,0,0,0,Noun,固有名詞,*,*,*,문경선,문경선,聞慶線,*,*,NNP
시흥기지선,0,0,0,Noun,固有名詞,*,*,*,시흥기지선,시흥기지선,始興基地線,*,*,NNP
분당기지선,0,0,0,Noun,固有名詞,*,*,*,분당기지선,분당기지선,盆唐基地線,*,*,NNP
광양제철소선,0,0,0,Noun,固有名詞,*,*,*,광양제철소선,광양제철소선,光陽製鐵所線,*,*,NNP
관공별곡,0,0,0,Noun,固有名詞,*,*,*,관동별곡,관동별곡,關東別曲,*,*,NNP
스타링크,0,0,0,Noun,固有名詞,*,*,*,스타링크,스타링크,*,starlink,*,NNG
아이메시지,0,0,0,Noun,固有名詞,*,*,*,아이메시지,아이메시지,*,"iMessage",*,NNP
솔라나,0,0,0,Noun,固有名詞,*,*,*,솔라나80,솔라나,*,"Solana",*,NNP
이더리움,0,0,0,Noun,固有名詞,*,*,*,이더리움80,이러디움,*,"Ethereum",*,NNP
도지코인,0,0,0,Noun,固有名詞,*,*,*,도지코인80,도지코인,*,"Dogecoin",*,NNP
비트코인,0,0,0,Noun,固有名詞,*,*,*,비트코인,비트코인,*,"Bitcoin",*,NNP
엑스,0,0,0,Noun,固有名詞,*,*,*,엑스80,엑스,*,"X: 옛 트위터",*,NNG
월스트리트저널,0,0,0,Noun,固有名詞,*,*,*,월스트리트저널,월스트리트저널,*,"The Wall Street Journal",*,NNP
천안문,0,0,0,Noun,固有名詞,*,*,*,천안문,천안문,天安門,톈안먼,*,NNP
톈안먼,0,0,0,Noun,固有名詞,*,*,*,톈안먼,톈안먼,天安門,"Tian’anmen",*,NNP
인민일보,0,0,0,Noun,固有名詞,*,*,*,인민일보,인민일보,人民日報,신문,*,NNP
연풍문,0,0,0,Noun,固有名詞,*,*,*,연풍문,연풍문,延豊門,*,*,NNP
정부세종청사,0,0,0,Noun,固有名詞,*,*,*,정부세종청사,정부세종청사,政府世宗廳舍,*,*,NNP
정부서울청사,0,0,0,Noun,固有名詞,*,*,*,정부서울청사,정부서울청사,政府서울廳舍,*,*,NNP
정부과천청사,0,0,0,Noun,固有名詞,*,*,*,정부과천청사,정부과천청사,政府果川廳舍,*,*,NNP
정부대전청사,0,0,0,Noun,固有名詞,*,*,*,정부대전청사,정부대전청사,政府大田廳舍,*,*,NNP
정부대구지방합동청사,0,0,0,Noun,固有名詞,*,*,*,정부대구지방합동청사,정부대구지방합동청사,政府大邱地方合同廳舍,*,*,NNP
정부인천지방합동청사,0,0,0,Noun,固有名詞,*,*,*,정부인천지방합동청사,정부인천지방합동청사,政府仁川地方合同廳舍,*,*,NNP
정부광주지방합동청사,0,0,0,Noun,固有名詞,*,*,*,정부광주지방합동청사,정부광주지방합동청사,政府光州地方合同廳舍,*,*,NNP
정부경남지방합동청사,0,0,0,Noun,固有名詞,*,*,*,정부경남지방합동청사,정부경남지방합동청사,政府慶南地方合同廳舍,*,*,NNP
정부제주지방합동청사,0,0,0,Noun,固有名詞,*,*,*,정부제주지방합동청사,정부제주지방합동청사,政府濟州地方合同廳舍,*,*,NNP
정부고양지방합동청사,0,0,0,Noun,固有名詞,*,*,*,정부고양지방합동청사,정부고양지방합동청사,政府高陽地方合同廳舍,*,*,NNP
정부춘천지방합동청사,0,0,0,Noun,固有名詞,*,*,*,정부춘천지방합동청사,정부춘천지방합동청사,政府春川地方合同廳舍,*,*,NNP
정부충남지방합동청사,0,0,0,Noun,固有名詞,*,*,*,정부충남지방합동청사,정부충남지방합동청사,政府忠南地方合同廳舍,*,*,NNP
정부경북지방합동청사,0,0,0,Noun,固有名詞,*,*,*,정부경북지방합동청사,정부경북지방합동청사,政府慶北地方合同廳舍,*,*,NNP
국립과천과학관,0,0,0,Noun,固有名詞,*,*,*,국립과천과학관,국립과천과학관,國立果川科學館,*,*,NNP
충주고구려천문과학관,0,0,0,Noun,固有名詞,*,*,*,충주고구려천문과학관,충주고구려천문과학관,忠州高句麗天文科學館,*,*,NNP
별빛누리공원,0,0,0,Noun,固有名詞,*,*,*,별빛누리공원,별빛누리공원,별빛누리公園,*,*,NNP
밀양아리랑우주천문대,0,0,0,Noun,固有名詞,*,*,*,밀양아리랑우주천문대,밀양아리랑우주천문대,密陽아리랑宇宙天文臺,*,*,NNP
김해천문대,0,0,0,Noun,固有名詞,*,*,*,김해천문대,김해천문대,金海天文臺,*,*,NNP
창원과학체험관,0,0,0,Noun,固有名詞,*,*,*,창원과학체험관,창원과학체험관,昌原科學體驗館,*,*,NNP
해송아기둥지,0,0,0,Noun,固有名詞,*,*,*,해송아기둥지,해송아기둥지,*,*,*,NNP
시민청,0,0,0,Noun,固有名詞,*,*,*,시민청,시민청,市民聽,"서울시 편의시설",*,NNP
쯔진청,0,0,0,Noun,固有名詞,*,*,*,쯔진청,쯔진청,紫禁城,"Zijincheng",*,NNP
