가공,0,0,0,Root,語根,状態,*,*,가공03,가공,可恐,*,*,XR
가당,0,0,0,Root,語根,状態,*,*,가당,가당,可當,*,*,XR
가련,0,0,0,Root,語根,状態,*,*,가련,가련,可憐,*,*,XR
가무잡잡,0,0,0,Root,語根,状態,*,*,가무잡잡,가무잡잡,*,*,*,XR
가물,0,0,0,Root,語根,動作,*,*,가물02,가물,*,*,*,XR
가뿐,0,0,0,Root,語根,状態,*,*,가뿐,가뿐,*,*,*,XR
가상,0,0,0,Root,語根,動作,*,*,가상09,가상,嘉尙,*,*,XR
가열,0,0,0,Root,語根,状態,*,*,가열03,가열,苛烈,*,*,XR
가지런,0,0,0,Root,語根,状態,*,*,가지런,가지런,*,*,*,XR
각박,0,0,0,Root,語根,状態,*,*,각박,각박,刻薄,*,*,XR
각이,0,0,0,Root,語根,状態,*,*,각이,각이,各異,*,*,XR
간간,0,0,0,Root,語根,状態,*,*,간간02,간간,*,"약간 짠 듯하다",*,XR
간결,0,0,0,Root,語根,状態,*,*,간결02,간결,簡潔,*,*,XR
간곡,0,0,0,Root,語根,状態,*,*,간곡03,간곡,懇曲,*,*,XR
간단,0,0,0,Root,語根,状態,*,*,간단02,간단,簡單,*,*,XR
간단명료,0,0,0,Root,語根,状態,*,*,간단명료,간단명료,簡單明瞭,*,*,XR
간략,0,0,0,Root,語根,状態,*,*,간략02,간략,簡略,*,*,XR
간명,0,0,0,Root,語根,状態,*,*,간명03,간명,簡明,*,*,XR
간사,0,0,0,Root,語根,状態,*,*,간사01,간사,奸邪,*,*,XR
간소,0,0,0,Root,語根,状態,*,*,간소04,간소,簡素,*,*,XR
간절,0,0,0,Root,語根,状態,*,*,간절,간절,懇切,*,*,XR
감가,0,0,0,Root,語根,動作,*,*,감가01,감가,坎軻,*,*,XR
감미,0,0,0,Root,語根,状態,*,*,감미02,감미,甘味,*,*,XR
갑갑,0,0,0,Root,語根,状態,*,*,갑갑,갑갑,*,*,*,XR
강건,0,0,0,Root,語根,状態,*,*,강건05,강건,强健,*,*,XR
강고,0,0,0,Root,語根,状態,*,*,강고02,강고,强固,*,*,XR
강녕,0,0,0,Root,語根,状態,*,*,강녕02,강녕,康寧,*,*,XR
강렬,0,0,0,Root,語根,状態,*,*,강렬02,강렬,强烈,*,*,XR
강성,0,0,0,Root,語根,状態,*,*,강성04,강성,强盛,*,*,XR
강인,0,0,0,Root,語根,状態,*,*,강인04,강인,强靭,*,*,XR
강직,0,0,0,Root,語根,状態,*,*,강직03,강직,剛直,*,*,XR
강퍅,0,0,0,Root,語根,状態,*,*,강퍅,강퍅,剛愎,*,*,XR
개운,0,0,0,Root,語根,状態,*,*,개운01,개운,*,*,*,XR
갸륵,0,0,0,Root,語根,状態,*,*,갸륵01,갸륵,*,"뜻이 ~",*,XR
갸름,0,0,0,Root,語根,状態,*,*,갸름,갸름,*,*,*,XR
거나,0,0,0,Root,語根,状態,*,*,거나01,거나,*,*,*,XR
거드럭,0,0,0,Root,語根,動作,*,*,거드럭,거드럭,*,*,*,XR
거들먹,0,0,0,Root,語根,動作,*,*,거들먹,거들먹,*,*,*,XR
거뜬,0,0,0,Root,語根,状態,*,*,거뜬,거뜬,*,*,*,XR
거룩,0,0,0,Root,語根,状態,*,*,거룩,거룩,*,*,*,XR
거무레,0,0,0,Root,語根,状態,*,*,거무레,거무레,*,*,*,XR
거무스레,0,0,0,Root,語根,状態,*,*,거무스레,거무스레,*,*,*,XR
거무스름,0,0,0,Root,語根,状態,*,*,거무스름,거무스름,*,*,*,XR
거무죽죽,0,0,0,Root,語根,状態,*,*,거무죽죽,거무죽죽,*,*,*,XR
거무칙칙,0,0,0,Root,語根,状態,*,*,거무칙칙,거무칙칙,*,*,*,XR
거무튀튀,0,0,0,Root,語根,状態,*,*,거무튀튀,거무튀튀,*,*,*,XR
거뭇,0,0,0,Root,語根,状態,*,*,거뭇,거뭇,*,*,*,XR
거북,0,0,0,Root,語根,状態,*,*,거북01,거북,*,*,*,XR
거창,0,0,0,Root,語根,状態,*,*,거창01,거창,巨創,*,*,XR
걱정걱정,0,0,0,Root,語根,動作,*,*,걱정걱정,걱정걱정,*,*,*,XR
건실,0,0,0,Root,語根,状態,*,*,건실,건실,健實,*,*,XR
건장,0,0,0,Root,語根,状態,*,*,건장02,건장,健壯,*,*,XR
걸걸,0,0,0,Root,語根,状態,*,*,걸걸02,걸걸,*,*,*,XR
걸리적,0,0,0,Root,語根,動作,*,*,걸리적,걸리적,*,*,*,XR
걸쭉,0,0,0,Root,語根,状態,*,*,걸쭉,걸쭉,*,*,*,XR
격렬,0,0,0,Root,語根,状態,*,*,격렬,격렬,激烈,*,*,XR
격심,0,0,0,Root,語根,状態,*,*,격심03,격심,激甚,*,*,XR
견결,0,0,0,Root,語根,状態,*,*,견결02,견결,堅決,*,*,XR
견고,0,0,0,Root,語根,状態,*,*,견고01,견고,堅固,*,*,XR
결연,0,0,0,Root,語根,状態,*,*,결연01,결연,決然,*,*,XR
겸연,0,0,0,Root,語根,動作,*,*,겸연01,겸연,慊然,*,*,XR
경건,0,0,0,Root,語根,状態,*,*,경건02,경건,敬虔,*,*,XR
경미,0,0,0,Root,語根,状態,*,*,경미03,경미,輕微,*,*,XR
경쾌,0,0,0,Root,語根,状態,*,*,경쾌,경쾌,輕快,*,*,XR
고고,0,0,0,Root,語根,状態,*,*,고고06,고고,孤高,*,*,XR
고귀,0,0,0,Root,語根,状態,*,*,고귀02,고귀,高貴,*,*,XR
고단,0,0,0,Root,語根,状態,*,*,고단01,고단,*,*,*,XR
고루,0,0,0,Root,語根,状態,*,*,고루03,고루,固陋,*,*,XR
고리타분,0,0,0,Root,語根,状態,*,*,고리타분,고리타분,*,*,*,XR
고만고만,0,0,0,Root,語根,状態,*,*,고만고만,고만고만,*,*,*,XR
고매,0,0,0,Root,語根,状態,*,*,고매04,고매,高邁,*,*,XR
고사,0,0,0,Root,語根,動作,*,*,고사12,고사,姑捨,"~는/은 고사하고",*,XR
고상,0,0,0,Root,語根,状態,*,*,고상09,고상,高尙,*,*,XR
고소,0,0,0,Root,語根,状態,*,*,고소01,고소,*,*,*,XR
고약,0,0,0,Root,語根,状態,*,*,고약01,고약,*,*,*,XR
고정,0,0,0,Root,語根,動作,*,*,고정01,고정,*,*,*,XR
고즈넉,0,0,0,Root,語根,状態,*,*,고즈넉,고즈넉,*,*,*,XR
고지식,0,0,0,Root,語根,状態,*,*,고지식01,고지식,*,*,*,XR
곤고,0,0,0,Root,語根,状態,*,*,곤고,곤고,困苦,*,*,XR
곤핍,0,0,0,Root,語根,状態,*,*,곤핍,곤핍,困乏,*,*,XR
골똘,0,0,0,Root,語根,状態,*,*,골똘,골똘,*,*,*,XR
공고,0,0,0,Root,語根,状態,*,*,공고10,공고,鞏固,*,*,XR
공공연,0,0,0,Root,語根,状態,*,*,공공연,공공연,公公然,*,*,XR
공교,0,0,0,Root,語根,状態,*,*,공교01,공교,工巧,*,*,XR
공명,0,0,0,Root,語根,状態,*,*,공명01,공명,公明,*,*,XR
공손,0,0,0,Root,語根,状態,*,*,공손03,공손,恭遜,*,*,XR
공연,0,0,0,Root,語根,状態,*,*,공연01,공연,公然,*,*,XR
공연,0,0,0,Root,語根,状態,*,*,공연04,공연,空然,*,*,XR
과감,0,0,0,Root,語根,状態,*,*,과감01,과감,果敢,*,*,XR
과분,0,0,0,Root,語根,状態,*,*,과분02,과분,過分,*,*,XR
과중,0,0,0,Root,語根,状態,*,*,과중03,과중,過重,*,*,XR
관대,0,0,0,Root,語根,状態,*,*,관대04,관대,寬大,*,*,XR
관활,0,0,0,Root,語根,状態,*,*,관활,관활,寬闊,*,*,XR
광막,0,0,0,Root,語根,状態,*,*,광막,광막,廣漠,*,*,XR
광범,0,0,0,Root,語根,状態,*,*,광범,광범,廣範,*,*,XR
광활,0,0,0,Root,語根,状態,*,*,광활,광활,廣闊,*,*,XR
괘씸,0,0,0,Root,語根,状態,*,*,괘씸,괘씸,*,*,*,XR
괴괴,0,0,0,Root,語根,状態,*,*,괴괴02,괴괴,怪怪,*,*,XR
괴상망측,0,0,0,Root,語根,状態,*,*,괴상망측,괴상망측,怪常罔測,*,*,XR
괴이,0,0,0,Root,語根,状態,*,*,괴이,괴이,怪異,*,*,XR
굉장,0,0,0,Root,語根,状態,*,*,굉장,굉장,宏壯,*,*,XR
교교,0,0,0,Root,語根,状態,*,*,교교03,교교,皎皎,*,*,XR
교묘,0,0,0,Root,語根,状態,*,*,교묘,교묘,巧妙,*,*,XR
구구,0,0,0,Root,語根,状態,*,*,구구09,구구,區區,*,*,XR
구부정,0,0,0,Root,語根,状態,*,*,구부정,구부정,*,*,*,XR
구수,0,0,0,Root,語根,状態,*,*,구수01,구수,*,*,*,XR
구시렁,0,0,0,Root,語根,動作,*,*,구시렁,구시렁,*,*,*,XR
구태의연,0,0,0,Root,語根,状態,*,*,구태의연,구태의연,舊態依然,*,*,XR
굳건,0,0,0,Root,語根,状態,*,*,굳건,굳건,*,*,*,XR
굵직,0,0,0,Root,語根,状態,*,*,굵직,굵직,*,*,*,XR
굵직굵직,0,0,0,Root,語根,状態,*,*,굵직굵직,굵직굵직,*,*,*,XR
궁금,0,0,0,Root,語根,状態,*,*,궁금01,궁금,*,*,*,XR
궁싯,0,0,0,Root,語根,動作,*,*,궁싯,궁싯,*,*,*,XR
귀중,0,0,0,Root,語根,状態,*,*,귀중02,귀중,貴重,*,*,XR
그러,0,0,0,Root,語根,状態,*,*,그러01,그러,*,*,*,XR
그러그러,0,0,0,Root,語根,状態,*,*,그러그러01,그러그러,*,*,*,XR
그럴싸,0,0,0,Root,語根,状態,*,*,그럴싸,그럴싸,*,*,*,XR
그만,0,0,0,Root,語根,状態,*,*,그만03,그만,*,*,*,XR
그만그만,0,0,0,Root,語根,状態,*,*,그만그만,그만그만,*,*,*,XR
그윽,0,0,0,Root,語根,状態,*,*,그윽,그윽,*,*,*,XR
극심,0,0,0,Root,語根,状態,*,*,극심,극심,極甚,*,*,XR
극진,0,0,0,Root,語根,状態,*,*,극진02,극진,極盡,*,*,XR
근근,0,0,0,Root,語根,状態,*,*,근근05,근근,勤勤,*,*,XR
근사,0,0,0,Root,語根,状態,*,*,근사01,근사,近似,*,*,XR
근소,0,0,0,Root,語根,状態,*,*,근소,근소,僅少,*,*,XR
근엄,0,0,0,Root,語根,状態,*,*,근엄,근엄,謹嚴,*,*,XR
근질,0,0,0,Root,語根,動作,*,*,근질,근질,*,*,*,XR
긁적,0,0,0,Root,語根,動作,*,*,긁적,긁적,*,*,*,XR
금,0,0,0,Root,語根,動作,*,*,금10,금,禁,*,*,XR
급격,0,0,0,Root,語根,状態,*,*,급격01,급격,急激,*,*,XR
급급,0,0,0,Root,語根,状態,*,*,급급02,급급,汲汲,*,*,XR
기고,0,0,0,Root,語根,動作,*,*,기고02,기고,奇古,*,*,XR
기괴,0,0,0,Root,語根,状態,*,*,기괴,기괴,奇怪,*,*,XR
기구,0,0,0,Root,語根,状態,*,*,기구11,기구,崎嶇,*,*,XR
기기묘묘,0,0,0,Root,語根,状態,*,*,기기묘묘,기기묘묘,奇奇妙妙,*,*,XR
기묘,0,0,0,Root,語根,状態,*,*,기묘02,기묘,奇妙,*,*,XR
기민,0,0,0,Root,語根,状態,*,*,기민02,기민,機敏,*,*,XR
기발,0,0,0,Root,語根,状態,*,*,기발03,기발,奇拔,*,*,XR
기우듬,0,0,0,Root,語根,状態,*,*,기우듬,기우듬,*,*,*,XR
기이,0,0,0,Root,語根,状態,*,*,기이02,기이,奇異,*,*,XR
기특,0,0,0,Root,語根,状態,*,*,기특,기특,奇特,*,*,XR
긴밀,0,0,0,Root,語根,状態,*,*,긴밀,긴밀,緊密,*,*,XR
긴요,0,0,0,Root,語根,状態,*,*,긴요,긴요,緊要,*,*,XR
길쭉,0,0,0,Root,語根,状態,*,*,길쭉,길쭉,*,*,*,XR
깊숙,0,0,0,Root,語根,状態,*,*,깊숙,깊숙,*,*,*,XR
까마득,0,0,0,Root,語根,状態,*,*,까마득,까마득,*,*,*,XR
까무잡잡,0,0,0,Root,語根,状態,*,*,까무잡잡,까무잡잡,*,*,*,XR
까불,0,0,0,Root,語根,動作,*,*,까불,까불,*,*,*,XR
까칠,0,0,0,Root,語根,状態,*,*,까칠,까칠,*,*,*,XR
깍듯,0,0,0,Root,語根,状態,*,*,깍듯,깍듯,*,*,*,XR
깐깐,0,0,0,Root,語根,状態,*,*,깐깐,깐깐,*,*,*,XR
깔끔,0,0,0,Root,語根,状態,*,*,깔끔02,깔끔,*,*,*,XR
깜찍,0,0,0,Root,語根,状態,*,*,깜찍,깜찍,*,*,*,XR
깨끗,0,0,0,Root,語根,状態,*,*,깨끗,깨끗,*,*,*,XR
꺼림칙,0,0,0,Root,語根,状態,*,*,꺼림칙,꺼림칙,*,*,*,XR
꺼칠,0,0,0,Root,語根,状態,*,*,꺼칠,꺼칠,*,*,*,XR
껌껌,0,0,0,Root,語根,状態,*,*,껌껌,껌껌,*,*,*,XR
께름칙,0,0,0,Root,語根,状態,*,*,께름칙,께름칙,*,*,*,XR
꼬물,0,0,0,Root,語根,動作,*,*,꼬물02,꼬물,*,*,*,XR
꼬불탕,0,0,0,Root,語根,状態,*,*,꼬불탕,꼬불탕,*,*,*,XR
꼿꼿,0,0,0,Root,語根,状態,*,*,꼿꼿,꼿꼿,*,*,*,XR
꾀죄죄,0,0,0,Root,語根,状態,*,*,꾀죄죄,꾀죄죄,*,*,*,XR
꾸물,0,0,0,Root,語根,動作,*,*,꾸물,꾸물,*,*,*,XR
꾸부정,0,0,0,Root,語根,状態,*,*,꾸부정,꾸부정,*,*,*,XR
꾸준,0,0,0,Root,語根,状態,*,*,꾸준,꾸준,*,*,*,XR
꿋꿋,0,0,0,Root,語根,状態,*,*,꿋꿋,꿋꿋,*,*,*,XR
끄먹,0,0,0,Root,語根,動作,*,*,끄먹,끄먹,*,*,*,XR
끈끈,0,0,0,Root,語根,状態,*,*,끈끈,끈끈,*,*,*,XR
끈적,0,0,0,Root,語根,動作,*,*,끈적,끈적,*,*,*,XR
끔찍,0,0,0,Root,語根,状態,*,*,끔찍,끔찍,*,*,*,XR
끔찍끔찍,0,0,0,Root,語根,状態,*,*,끔찍끔찍,끔찍끔찍,*,*,*,XR
끼적,0,0,0,Root,語根,動作,*,*,끼적01,끼적,*,*,*,XR
끽긴,0,0,0,Root,語根,状態,*,*,끽긴,끽긴,喫緊,*,*,XR
나란,0,0,0,Root,語根,状態,*,*,나란,나란,*,*,*,XR
나른,0,0,0,Root,語根,状態,*,*,나른,나른,*,*,*,XR
나지막,0,0,0,Root,語根,状態,*,*,나지막,나지막,*,*,*,XR
나풀,0,0,0,Root,語根,動作,*,*,나풀,나풀,*,*,*,XR
난감,0,0,0,Root,語根,状態,*,*,난감,난감,難堪,*,*,XR
난삽,0,0,0,Root,語根,状態,*,*,난삽,난삽,難澁,*,*,XR
난잡,0,0,0,Root,語根,状態,*,*,난잡,난잡,亂雜,*,*,XR
난처,0,0,0,Root,語根,状態,*,*,난처,난처,難處,*,*,XR
난해,0,0,0,Root,語根,状態,*,*,난해03,난해,難解,*,*,XR
날렵,0,0,0,Root,語根,状態,*,*,날렵,날렵,*,*,*,XR
날씬,0,0,0,Root,語根,状態,*,*,날씬,날씬,*,*,*,XR
냉랭,0,0,0,Root,語根,状態,*,*,냉랭,냉랭,冷冷,*,*,XR
냉량,0,0,0,Root,語根,状態,*,*,냉량,냉량,冷凉,*,*,XR
냉엄,0,0,0,Root,語根,状態,*,*,냉엄,냉엄,冷嚴,*,*,XR
냉정,0,0,0,Root,語根,状態,*,*,냉정02,냉정,冷情,*,*,XR
냉철,0,0,0,Root,語根,状態,*,*,냉철,냉철,冷徹,*,*,XR
냉혹,0,0,0,Root,語根,状態,*,*,냉혹,냉혹,冷酷,*,*,XR
너덜,0,0,0,Root,語根,動作,*,*,너덜02,너덜,*,*,*,XR
너울,0,0,0,Root,語根,動作,*,*,너울03,너울,*,*,*,XR
너저분,0,0,0,Root,語根,状態,*,*,너저분,너저분,*,*,*,XR
너절,0,0,0,Root,語根,状態,*,*,너절,너절,*,*,*,XR
너털,0,0,0,Root,語根,動作,*,*,너털,너털,*,*,*,XR
너풀,0,0,0,Root,語根,動作,*,*,너풀,너풀,*,*,*,XR
넉넉,0,0,0,Root,語根,状態,*,*,넉넉,넉넉,*,*,*,XR
널찍,0,0,0,Root,語根,状態,*,*,널찍,널찍,*,*,*,XR
넓적,0,0,0,Root,語根,状態,*,*,넓적,넓적,*,*,*,XR
넘실,0,0,0,Root,語根,動作,*,*,넘실,넘실,*,*,*,XR
네모반듯,0,0,0,Root,語根,状態,*,*,네모반듯,네모반듯,*,*,*,XR
노닥,0,0,0,Root,語根,動作,*,*,노닥,노닥,*,*,*,XR
노련,0,0,0,Root,語根,状態,*,*,노련,노련,老鍊,*,*,XR
노르께,0,0,0,Root,語根,状態,*,*,노르께,노르께,*,*,*,XR
노르스름,0,0,0,Root,語根,状態,*,*,노르스름,노르스름,*,*,*,XR
노릇,0,0,0,Root,語根,状態,*,*,노릇02,노릇,*,*,*,XR
녹록,0,0,0,Root,語根,状態,*,*,녹록01,녹록,碌碌,*,*,XR
논지,0,0,0,Root,語根,動作,*,*,논지01,논지,論之,*,*,XR
놀놀,0,0,0,Root,語根,状態,*,*,놀놀01,놀놀,*,*,*,XR
누르스름,0,0,0,Root,語根,状態,*,*,누르스름,누르스름,*,*,*,XR
누릿,0,0,0,Root,語根,状態,*,*,누릿01,누릿,*,*,*,XR
누추,0,0,0,Root,語根,状態,*,*,누추,누추,陋醜,*,*,XR
눅눅,0,0,0,Root,語根,状態,*,*,눅눅,눅눅,*,*,*,XR
뉘엿,0,0,0,Root,語根,動作,*,*,뉘엿,뉘엿,*,*,*,XR
느긋,0,0,0,Root,語根,状態,*,*,느긋02,느긋,*,*,*,XR
느끼,0,0,0,Root,語根,状態,*,*,느끼01,느끼,*,*,*,XR
느리터분,0,0,0,Root,語根,状態,*,*,느리터분,느리터분,*,*,*,XR
느릿,0,0,0,Root,語根,状態,*,*,느릿,느릿,*,*,*,XR
느물,0,0,0,Root,語根,動作,*,*,느물,느물,*,*,*,XR
느슨,0,0,0,Root,語根,状態,*,*,느슨,느슨,*,*,*,XR
늘씬,0,0,0,Root,語根,状態,*,*,늘씬02,늘씬,*,"다리가 ~",*,XR
늘쩡,0,0,0,Root,語根,状態,*,*,늘쩡,늘쩡,*,*,*,XR
늙수그레,0,0,0,Root,語根,状態,*,*,늙수그레,늙수그레,*,*,*,XR
늠름,0,0,0,Root,語根,状態,*,*,늠름01,늠름,凜凜,*,*,XR
능글,0,0,0,Root,語根,状態,*,*,능글,능글,*,*,*,XR
능글,0,0,0,Root,語根,動作,*,*,능글,능글,*,*,*,XR
능란,0,0,0,Root,語根,状態,*,*,능란02,능란,能爛,*,*,XR
능수능란,0,0,0,Root,語根,状態,*,*,능수능란,능수능란,能手能爛,*,*,XR
능숙,0,0,0,Root,語根,状態,*,*,능숙,능숙,能熟,*,*,XR
니글,0,0,0,Root,語根,動作,*,*,니글,니글,*,*,*,XR
다감,0,0,0,Root,語根,状態,*,*,다감01,다감,多感,*,*,XR
다급,0,0,0,Root,語根,状態,*,*,다급02,다급,多急,*,*,XR
다난,0,0,0,Root,語根,状態,*,*,다난,다난,多難,*,*,XR
다분,0,0,0,Root,語根,状態,*,*,다분,다분,多分,*,*,XR
다사,0,0,0,Root,語根,状態,*,*,다사01,다사,*,*,*,XR
다소곳,0,0,0,Root,語根,状態,*,*,다소곳,다소곳,*,*,*,XR
다채,0,0,0,Root,語根,状態,*,*,다채,다채,多彩,*,*,XR
단단,0,0,0,Root,語根,状態,*,*,단단,단단,*,*,*,XR
단란,0,0,0,Root,語根,状態,*,*,단란,단란,團欒,*,*,XR
단아,0,0,0,Root,語根,状態,*,*,단아03,단아,端雅,*,*,XR
단정,0,0,0,Root,語根,状態,*,*,단정06,단정,端正,*,*,XR
단촐,0,0,0,Root,語根,状態,*,*,단촐,단촐,*,*,*,XR
단출,0,0,0,Root,語根,状態,*,*,단출,단출,*,*,*,XR
단호,0,0,0,Root,語根,状態,*,*,단호02,단호,斷乎,*,*,XR
달짝지근,0,0,0,Root,語根,状態,*,*,달짝지근,달짝지근,*,*,*,XR
달착지근,0,0,0,Root,語根,状態,*,*,달착지근,달착지근,*,*,*,XR
달콤,0,0,0,Root,語根,状態,*,*,달콤,달콤,*,*,*,XR
담담,0,0,0,Root,語根,状態,*,*,담담02,담담,淡淡,*,*,XR
담담,0,0,0,Root,語根,状態,*,*,담담03,담담,潭潭,*,*,XR
담대,0,0,0,Root,語根,状態,*,*,담대,담대,膽大,*,*,XR
담백,0,0,0,Root,語根,状態,*,*,담백,담백,淡白,*,*,XR
답답,0,0,0,Root,語根,状態,*,*,답답,답답,*,*,*,XR
당돌,0,0,0,Root,語根,状態,*,*,당돌01,당돌,唐突,*,*,XR
대견,0,0,0,Root,語根,状態,*,*,대견01,대견,*,*,*,XR
대꾼,0,0,0,Root,語根,状態,*,*,대꾼,대꾼,*,*,*,XR
대단,0,0,0,Root,語根,状態,*,*,대단01,대단,*,*,*,XR
대범,0,0,0,Root,語根,状態,*,*,대범03,대범,大汎,*,*,XR
더부룩,0,0,0,Root,語根,状態,*,*,더부룩01,더부룩,*,수북하다,*,XR
더부룩,0,0,0,Root,語根,状態,*,*,더부룩02,더부룩,*,거북하다,*,XR
덤덤,0,0,0,Root,語根,状態,*,*,덤덤,덤덤,*,*,*,XR
도닥,0,0,0,Root,語根,動作,*,*,도닥,도닥,*,*,*,XR
도도,0,0,0,Root,語根,状態,*,*,도도01,도도,*,거만하다,*,XR
도도,0,0,0,Root,語根,状態,*,*,도도06,도도,滔滔,*,*,XR
도톰,0,0,0,Root,語根,状態,*,*,도톰,도톰,*,*,*,XR
독실,0,0,0,Root,語根,状態,*,*,독실02,독실,篤實,*,*,XR
돈독,0,0,0,Root,語根,状態,*,*,돈독02,돈독,敦篤,*,*,XR
동그스름,0,0,0,Root,語根,状態,*,*,동그스름,동그스름,*,*,*,XR
동글납작,0,0,0,Root,語根,状態,*,*,동글납작,동글납작,*,*,*,XR
되직,0,0,0,Root,語根,状態,*,*,되직,되직,*,*,*,XR
두두룩,0,0,0,Root,語根,状態,*,*,두두룩,두두룩,*,*,*,XR
두둑,0,0,0,Root,語根,状態,*,*,두둑02,두둑,*,*,*,XR
두런,0,0,0,Root,語根,動作,*,*,두런,두런,*,*,*,XR
두루뭉술,0,0,0,Root,語根,状態,*,*,두루뭉술,두루뭉술,*,*,*,XR
두리벙,0,0,0,Root,語根,状態,*,*,두리벙,두리벙,*,*,*,XR
두툼,0,0,0,Root,語根,状態,*,*,두툼,두툼,*,*,*,XR
둔중,0,0,0,Root,語根,状態,*,*,둔중,둔중,鈍重,*,*,XR
둔탁,0,0,0,Root,語根,状態,*,*,둔탁,둔탁,鈍濁,*,*,XR
둥그스름,0,0,0,Root,語根,状態,*,*,둥그스름,둥그스름,*,*,*,XR
둥글납작,0,0,0,Root,語根,状態,*,*,둥글납작,둥글납작,*,*,*,XR
뒤척,0,0,0,Root,語根,動作,*,*,뒤척,뒤척,*,*,*,XR
득시글,0,0,0,Root,語根,動作,*,*,득시글,득시글,*,*,*,XR
득의만만,0,0,0,Root,語根,状態,*,*,득의만만,득의만만,得意滿滿,*,*,XR
든든,0,0,0,Root,語根,状態,*,*,든든,든든,*,*,*,XR
들랑,0,0,0,Root,語根,動作,*,*,들랑,들랑,*,*,*,XR
들썽,0,0,0,Root,語根,動作,*,*,들썽,들썽,*,*,*,XR
들척지근,0,0,0,Root,語根,状態,*,*,들척지근,들척지근,*,*,*,XR
듬직,0,0,0,Root,語根,状態,*,*,듬직,듬직,*,*,*,XR
등등,0,0,0,Root,語根,状態,*,*,등등02,등등,騰騰,*,*,XR
따끈,0,0,0,Root,語根,状態,*,*,따끈,따끈,*,*,*,XR
따듯,0,0,0,Root,語根,状態,*,*,따듯,따듯,*,*,*,XR
따뜻,0,0,0,Root,語根,状態,*,*,따뜻,따뜻,*,*,*,XR
따분,0,0,0,Root,語根,状態,*,*,따분01,따분,*,*,*,XR
따사,0,0,0,Root,語根,状態,*,*,따사,따사,*,*,*,XR
따스,0,0,0,Root,語根,状態,*,*,따스,따스,*,*,*,XR
딱딱,0,0,0,Root,語根,動作,*,*,딱딱04,딱딱,*,*,*,XR
딱딱,0,0,0,Root,語根,状態,*,*,딱딱05,딱딱,*,*,*,XR
땅딸막,0,0,0,Root,語根,状態,*,*,땅딸막,땅딸막,*,*,*,XR
떠들썩,0,0,0,Root,語根,状態,*,*,떠들썩02,떠들썩,*,"시끄럽게 자꾸 떠들다",*,XR
떠들썩,0,0,0,Root,語根,状態,*,*,떠들썩01,떠들썩,*,"틈이 벌어지다",*,XR
떠듬,0,0,0,Root,語根,動作,*,*,떠듬,떠듬,*,*,*,XR
떨떠름,0,0,0,Root,語根,状態,*,*,떨떠름,떨떠름,*,*,*,XR
떳떳,0,0,0,Root,語根,状態,*,*,떳떳,떳떳,*,*,*,XR
또렷,0,0,0,Root,語根,状態,*,*,또렷,또렷,*,*,*,XR
똑똑,0,0,0,Root,語根,状態,*,*,똑똑02,똑똑,*,*,*,XR
똘똘,0,0,0,Root,語根,状態,*,*,똘똘02,똘똘,*,*,*,XR
뚜렷,0,0,0,Root,語根,状態,*,*,뚜렷01,뚜렷,*,*,*,XR
뚜벅,0,0,0,Root,語根,動作,*,*,뚜벅01,뚜벅,*,*,*,XR
뚝뚝,0,0,0,Root,語根,状態,*,*,뚝뚝03,뚝뚝,*,*,*,XR
뜨끈,0,0,0,Root,語根,状態,*,*,뜨끈,뜨끈,*,*,*,XR
뜨듯,0,0,0,Root,語根,状態,*,*,뜨듯,뜨듯,*,*,*,XR
뜨뜻,0,0,0,Root,語根,状態,*,*,뜨뜻,뜨뜻,*,*,*,XR
뜨악,0,0,0,Root,語根,状態,*,*,뜨악,뜨악,*,*,*,XR
마다,0,0,0,Root,語根,動作,*,*,마다02,마다,*,*,*,XR
마땅,0,0,0,Root,語根,状態,*,*,마땅,마땅,*,*,*,XR
막대,0,0,0,Root,語根,状態,*,*,막대03,막대,莫大,*,*,XR
막론,0,0,0,Root,語根,動作,*,*,막론,막론,莫論,*,*,XR
막막,0,0,0,Root,語根,状態,*,*,막막01,막막,寞寞,*,*,XR
막막,0,0,0,Root,語根,状態,*,*,막막02,막막,漠漠,*,*,XR
막역,0,0,0,Root,語根,状態,*,*,막역,막역,莫逆,*,*,XR
막연,0,0,0,Root,語根,状態,*,*,막연,막연,漠然,*,*,XR
막중,0,0,0,Root,語根,状態,*,*,막중01,막중,莫重,*,*,XR
만만,0,0,0,Root,語根,状態,*,*,만만01,만만,*,*,*,XR
만만,0,0,0,Root,語根,状態,*,*,만만03,만만,滿滿,*,*,XR
말끔,0,0,0,Root,語根,状態,*,*,말끔02,말끔,*,*,*,XR
말똥,0,0,0,Root,語根,動作,*,*,말똥02,말똥,*,*,*,XR
말쑥,0,0,0,Root,語根,状態,*,*,말쑥,말쑥,*,*,*,XR
말짱,0,0,0,Root,語根,状態,*,*,말짱02,말짱,*,*,*,XR
망극,0,0,0,Root,語根,状態,*,*,망극02,망극,罔極,*,*,XR
망망,0,0,0,Root,語根,状態,*,*,망망02,망망,茫茫,*,*,XR
망연,0,0,0,Root,語根,状態,*,*,망연,망연,茫然,*,*,XR
맞이,0,0,0,Root,語根,動作,*,*,맞이,맞이,*,*,*,XR
맞춤,0,0,0,Root,語根,状態,*,*,맞춤03,맞춤,*,*,*,XR
맞통,0,0,0,Root,語根,動作,*,*,맞통02,맞통,맞通,*,*,XR
매끈,0,0,0,Root,語根,状態,*,*,매끈,매끈,*,*,*,XR
매작지근,0,0,0,Root,語根,状態,*,*,매작지근,매작지근,*,*,*,XR
매지근,0,0,0,Root,語根,状態,*,*,매지근,매지근,*,*,*,XR
매캐,0,0,0,Root,語根,状態,*,*,매캐,매캐,*,*,*,XR
매콤,0,0,0,Root,語根,状態,*,*,매콤,매콤,*,*,*,XR
맹랑,0,0,0,Root,語根,状態,*,*,맹랑,맹랑,孟浪,*,*,XR
맹렬,0,0,0,Root,語根,状態,*,*,맹렬,맹렬,猛烈,*,*,XR
머뭇,0,0,0,Root,語根,動作,*,*,머뭇,머뭇,*,*,*,XR
머쓱,0,0,0,Root,語根,状態,*,*,머쓱,머쓱,*,*,*,XR
먹먹,0,0,0,Root,語根,状態,*,*,먹먹,먹먹,*,*,*,XR
먹음직,0,0,0,Root,語根,状態,*,*,먹음직,먹음직,*,*,*,XR
멀뚱,0,0,0,Root,語根,状態,*,*,멀뚱,멀뚱,*,*,*,XR
멀쑥,0,0,0,Root,語根,状態,*,*,멀쑥,멀쑥,*,*,*,XR
멀쩡,0,0,0,Root,語根,状態,*,*,멀쩡,멀쩡,*,*,*,XR
멀찍,0,0,0,Root,語根,状態,*,*,멀찍,멀찍,*,*,*,XR
멍멍,0,0,0,Root,語根,状態,*,*,멍멍02,멍멍,*,*,*,XR
멍청,0,0,0,Root,語根,状態,*,*,멍청,멍청,*,*,*,XR
메슥,0,0,0,Root,語根,動作,*,*,메슥,메슥,*,*,*,XR
면구,0,0,0,Root,語根,状態,*,*,면구01,면구,面구,*,*,XR
면밀,0,0,0,Root,語根,状態,*,*,면밀,면밀,綿密,*,*,XR
명료,0,0,0,Root,語根,状態,*,*,명료,명료,明瞭,*,*,XR
명민,0,0,0,Root,語根,状態,*,*,명민,명민,明敏,*,*,XR
명백,0,0,0,Root,語根,状態,*,*,명백,명백,明白,*,*,XR
명석,0,0,0,Root,語根,状態,*,*,명석03,명석,明晳,*,*,XR
명철,0,0,0,Root,語根,状態,*,*,명철02,명철,明哲,*,*,XR
명쾌,0,0,0,Root,語根,状態,*,*,명쾌,명쾌,明快,*,*,XR
명확,0,0,0,Root,語根,状態,*,*,명확,명확,明確,*,*,XR
모호,0,0,0,Root,語根,状態,*,*,모호02,모호,模糊,*,*,XR
못마땅,0,0,0,Root,語根,状態,*,*,못마땅,못마땅,*,*,*,XR
몽롱,0,0,0,Root,語根,状態,*,*,몽롱,몽롱,朦朧,*,*,XR
묘연,0,0,0,Root,語根,状態,*,*,묘연01,묘연,杳然,*,*,XR
무고,0,0,0,Root,語根,状態,*,*,무고06,무고,無辜,*,*,XR
무관,0,0,0,Root,語根,状態,*,*,무관04,무관,無關,*,*,XR
무관계,0,0,0,Root,語根,状態,*,*,무관계,무관계,無關係,*,*,XR
무난,0,0,0,Root,語根,状態,*,*,무난,무난,無難,*,*,XR
무르춤,0,0,0,Root,語根,動作,*,*,무르춤,무르춤,*,*,*,XR
무망,0,0,0,Root,語根,状態,*,*,무망04,무망,無望,*,*,XR
무미,0,0,0,Root,語根,状態,*,*,무미01,무미,無味,*,*,XR
무방,0,0,0,Root,語根,状態,*,*,무방,무방,無妨,*,*,XR
무색,0,0,0,Root,語根,状態,*,*,무색03,무색,無色,*,*,XR
무성,0,0,0,Root,語根,状態,*,*,무성01,무성,茂盛,*,*,XR
무익,0,0,0,Root,語根,状態,*,*,무익,무익,無益,*,*,XR
무자비,0,0,0,Root,語根,状態,*,*,무자비,무자비,無慈悲,*,*,XR
무지근,0,0,0,Root,語根,状態,*,*,무지근,무지근,*,*,*,XR
무지막지,0,0,0,Root,語根,状態,*,*,무지막지,무지막지,無知莫知,*,*,XR
무참,0,0,0,Root,語根,状態,*,*,무참01,무참,無慘,*,*,XR
무탈,0,0,0,Root,語根,状態,*,*,무탈,무탈,無頉,*,*,XR
묵중,0,0,0,Root,語根,状態,*,*,묵중,묵중,默重,*,*,XR
묵직,0,0,0,Root,語根,状態,*,*,묵직,묵직,*,*,*,XR
물구,0,0,0,Root,語根,動作,*,*,물구,물구,勿拘,*,*,XR
물컹,0,0,0,Root,語根,動作,*,*,물컹,물컹,*,*,*,XR
뭉그적,0,0,0,Root,語根,動作,*,*,뭉그적,뭉그적,*,*,*,XR
뭉근,0,0,0,Root,語根,状態,*,*,뭉근,뭉근,*,*,*,XR
뭉떵,0,0,0,Root,語根,状態,*,*,뭉떵02,뭉떵,*,*,*,XR
미끈,0,0,0,Root,語根,状態,*,*,미끈01,미끈,*,*,*,XR
미끈,0,0,0,Root,語根,動作,*,*,미끈01,미끈,*,*,*,XR
미끈둥,0,0,0,Root,語根,状態,*,*,미끈둥,미끈둥,*,*,*,XR
미려,0,0,0,Root,語根,状態,*,*,미려02,미려,美麗,*,*,XR
미묘,0,0,0,Root,語根,状態,*,*,미묘02,미묘,微妙,*,*,XR
미미,0,0,0,Root,語根,状態,*,*,미미03,미미,微微,*,*,XR
미약,0,0,0,Root,語根,状態,*,*,미약03,미약,微弱,*,*,XR
미적,0,0,0,Root,語根,動作,*,*,미적02,미적,*,*,*,XR
미적지근,0,0,0,Root,語根,状態,*,*,미적지근,미적지근,*,*,*,XR
미지근,0,0,0,Root,語根,状態,*,*,미지근,미지근,*,*,*,XR
미진,0,0,0,Root,語根,状態,*,*,미진01,미진,未盡,*,*,XR
미천,0,0,0,Root,語根,状態,*,*,미천,미천,微賤,*,*,XR
민망,0,0,0,Root,語根,状態,*,*,민망02,민망,憫惘,*,*,XR
민첩,0,0,0,Root,語根,状態,*,*,민첩,민첩,敏捷,*,*,XR
민활,0,0,0,Root,語根,状態,*,*,민활,민활,敏活,*,*,XR
믿음직,0,0,0,Root,語根,状態,*,*,믿음직,믿음직,*,*,*,XR
밋밋,0,0,0,Root,語根,状態,*,*,밋밋01,밋밋,*,*,*,XR
밍밍,0,0,0,Root,語根,状態,*,*,밍밍,밍밍,*,*,*,XR
바동,0,0,0,Root,語根,動作,*,*,바동,바동,*,*,*,XR
바람직,0,0,0,Root,語根,状態,*,*,바람직,바람직,*,*,*,XR
바랐음직,0,0,0,Root,語根,状態,*,*,바랐음직,바랐음직,*,*,*,XR
박정,0,0,0,Root,語根,状態,*,*,박정02,박정,薄情,*,*,XR
반들,0,0,0,Root,語根,動作,*,*,반들01,반들,*,*,*,XR
반듯,0,0,0,Root,語根,状態,*,*,반듯01,반듯,*,*,*,XR
반질,0,0,0,Root,語根,動作,*,*,반질01,반질,*,*,*,XR
발그대대,0,0,0,Root,語根,状態,*,*,발그대대,발그대대,*,*,*,XR
발그스름,0,0,0,Root,語根,状態,*,*,발그스름,발그스름,*,*,*,XR
발랄,0,0,0,Root,語根,状態,*,*,발랄,발랄,潑剌,*,*,XR
방대,0,0,0,Root,語根,状態,*,*,방대02,방대,尨大,*,*,XR
방만,0,0,0,Root,語根,状態,*,*,방만,방만,放漫,*,*,XR
방불,0,0,0,Root,語根,状態,*,*,방불,방불,彷彿,*,*,XR
방자,0,0,0,Root,語根,状態,*,*,방자03,방자,放恣,*,*,XR
방정,0,0,0,Root,語根,状態,*,*,방정02,방정,方正,*,*,XR
버둥,0,0,0,Root,語根,動作,*,*,버둥,버둥,*,*,*,XR
버벅,0,0,0,Root,語根,動作,*,*,버벅,버벅,*,*,*,XR
버젓,0,0,0,Root,語根,状態,*,*,버젓01,버젓,*,*,*,XR
번다,0,0,0,Root,語根,状態,*,*,번다,번다,煩多,*,*,XR
번듯,0,0,0,Root,語根,状態,*,*,번듯01,번듯,*,*,*,XR
번화,0,0,0,Root,語根,状態,*,*,번화,번화,繁華,*,*,XR
범상,0,0,0,Root,語根,状態,*,*,범상01,범상,凡常,*,*,XR
벙벙,0,0,0,Root,語根,状態,*,*,벙벙01,벙벙,*,*,*,XR
변변,0,0,0,Root,語根,状態,*,*,변변,변변,*,*,*,XR
병약,0,0,0,Root,語根,状態,*,*,병약,병약,病弱,*,*,XR
보글,0,0,0,Root,語根,動作,*,*,보글,보글,*,*,*,XR
복잡,0,0,0,Root,語根,状態,*,*,복잡,복잡,複雜,*,*,XR
복잡다기,0,0,0,Root,語根,状態,*,*,복잡다기,복잡다기,複雜多岐,*,*,XR
복잡다단,0,0,0,Root,語根,状態,*,*,복잡다단,복잡다단,複雜多端,*,*,XR
부단,0,0,0,Root,語根,状態,*,*,부단,부단,不斷,*,*,XR
부유,0,0,0,Root,語根,状態,*,*,부유04,부유,富有,*,*,XR
부유스름,0,0,0,Root,語根,状態,*,*,부유스름,부유스름,*,*,*,XR
부자연,0,0,0,Root,語根,状態,*,*,부자연,부자연,不自然,*,*,XR
부적당,0,0,0,Root,語根,状態,*,*,부적당,부적당,不適當,*,*,XR
부적절,0,0,0,Root,語根,状態,*,*,부적절,부적절,不適切,*,*,XR
부정직,0,0,0,Root,語根,状態,*,*,부정직,부정직,不正直,*,*,XR
분분,0,0,0,Root,語根,状態,*,*,분분03,분분,紛紛,*,*,XR
불가피,0,0,0,Root,語根,状態,*,*,불가피,불가피,不可避,*,*,XR
불건전,0,0,0,Root,語根,状態,*,*,불건전,불건전,不健全,*,*,XR
불구,0,0,0,Root,語根,動作,*,*,불구04,불구,不拘,*,*,XR
불균일,0,0,0,Root,語根,状態,*,*,불균일,불균일,不均一,*,*,XR
불그죽죽,0,0,0,Root,語根,状態,*,*,불그죽죽,불그죽죽,*,*,*,XR
불길,0,0,0,Root,語根,状態,*,*,불길02,불길,不吉,*,*,XR
불분명,0,0,0,Root,語根,状態,*,*,불분명,불분명,不分明,*,*,XR
불쌍,0,0,0,Root,語根,状態,*,*,불쌍,불쌍,*,*,*,XR
불유쾌,0,0,0,Root,語根,状態,*,*,불유쾌,불유쾌,不愉快,*,*,XR
불콰,0,0,0,Root,語根,状態,*,*,불콰,불콰,*,*,*,XR
불퉁,0,0,0,Root,語根,動作,*,*,불퉁01,불퉁,*,*,*,XR
불효막심,0,0,0,Root,語根,状態,*,*,불효막심,불효막심,不孝莫甚,*,*,XR
비겁,0,0,0,Root,語根,状態,*,*,비겁,비겁,卑怯,*,*,XR
비근,0,0,0,Root,語根,状態,*,*,비근02,비근,卑近,*,*,XR
비롯,0,0,0,Root,語根,動作,*,*,비롯,비롯,*,*,*,XR
비릿,0,0,0,Root,語根,状態,*,*,비릿,비릿,*,*,*,XR
비범,0,0,0,Root,語根,状態,*,*,비범,비범,非凡,*,*,XR
비스듬,0,0,0,Root,語根,状態,*,*,비스듬,비스듬,*,*,*,XR
비슷,0,0,0,Root,語根,状態,*,*,비슷02,비슷,*,*,*,XR
비실,0,0,0,Root,語根,動作,*,*,비실01,비실,*,*,*,XR
비장,0,0,0,Root,語根,状態,*,*,비장03,비장,悲壯,*,*,XR
비천,0,0,0,Root,語根,状態,*,*,비천01,비천,卑賤,*,*,XR
비천,0,0,0,Root,語根,状態,*,*,비천05,비천,鄙淺,*,*,XR
비칠,0,0,0,Root,語根,動作,*,*,비칠,비칠,*,*,*,XR
비틀,0,0,0,Root,語根,動作,*,*,비틀01,비틀,*,*,*,XR
빈들,0,0,0,Root,語根,動作,*,*,빈들,빈들,*,*,*,XR
빈번,0,0,0,Root,語根,状態,*,*,빈번01,빈번,頻繁,*,*,XR
빈한,0,0,0,Root,語根,状態,*,*,빈한,빈한,貧寒,*,*,XR
빠듯,0,0,0,Root,語根,状態,*,*,빠듯01,빠듯,*,*,*,XR
빡빡,0,0,0,Root,語根,状態,*,*,빡빡04,빡빡,*,*,*,XR
빤들,0,0,0,Root,語根,動作,*,*,빤들01,빤들,*,*,*,XR
빤빤,0,0,0,Root,語根,状態,*,*,빤빤01,빤빤,*,*,*,XR
빳빳,0,0,0,Root,語根,状態,*,*,빳빳,빳빳,*,*,*,XR
빼뚤,0,0,0,Root,語根,状態,*,*,빼뚤,빼뚤,*,*,*,XR
빽빽,0,0,0,Root,語根,状態,*,*,빽빽02,빽빽,*,*,*,XR
뻐근,0,0,0,Root,語根,状態,*,*,뻐근,뻐근,*,*,*,XR
뻑뻑,0,0,0,Root,語根,状態,*,*,뻑뻑04,뻑뻑,*,*,*,XR
뻔뻔,0,0,0,Root,語根,状態,*,*,뻔뻔01,뻔뻔,*,*,*,XR
뻣뻣,0,0,0,Root,語根,状態,*,*,뻣뻣,뻣뻣,*,*,*,XR
뽀독,0,0,0,Root,語根,状態,*,*,뽀독,뽀독,*,*,*,XR
뽀로통,0,0,0,Root,語根,状態,*,*,뽀로통,뽀로통,*,*,*,XR
뾰로통,0,0,0,Root,語根,状態,*,*,뾰로통,뾰로통,*,*,*,XR
뿌듯,0,0,0,Root,語根,状態,*,*,뿌듯,뿌듯,*,*,*,XR
삐딱,0,0,0,Root,語根,状態,*,*,삐딱01,삐딱,*,*,*,XR
사소,0,0,0,Root,語根,状態,*,*,사소03,사소,些少,*,*,XR
산란,0,0,0,Root,語根,状態,*,*,산란04,산란,散亂,*,*,XR
산만,0,0,0,Root,語根,状態,*,*,산만02,산만,散漫,*,*,XR
살뜰,0,0,0,Root,語根,状態,*,*,살뜰,살뜰,*,*,*,XR
삼삼,0,0,0,Root,語根,状態,*,*,삼삼02,삼삼,*,*,*,XR
삼엄,0,0,0,Root,語根,状態,*,*,삼엄03,삼엄,森嚴,*,*,XR
상냥,0,0,0,Root,語根,状態,*,*,상냥,상냥,*,*,*,XR
상세,0,0,0,Root,語根,状態,*,*,상세08,상세,詳細,*,*,XR
상이,0,0,0,Root,語根,状態,*,*,상이02,상이,相異,*,*,XR
상쾌,0,0,0,Root,語根,状態,*,*,상쾌,상쾌,爽快,*,*,XR
새금,0,0,0,Root,語根,状態,*,*,새금,새금,*,*,*,XR
새치름,0,0,0,Root,語根,状態,*,*,새치름,새치름,*,*,*,XR
새콤,0,0,0,Root,語根,状態,*,*,새콤,새콤,*,*,*,XR
생경,0,0,0,Root,語根,状態,*,*,생경02,생경,生硬,*,*,XR
생생,0,0,0,Root,語根,状態,*,*,생생,생생,*,*,*,XR
생소,0,0,0,Root,語根,状態,*,*,생소02,생소,生疏,*,*,XR
서글서글,0,0,0,Root,語根,状態,*,*,서글서글,서글서글,*,*,*,XR
서늘,0,0,0,Root,語根,状態,*,*,서늘,서늘,*,*,*,XR
서름,0,0,0,Root,語根,状態,*,*,서름,서름,*,*,*,XR
서먹,0,0,0,Root,語根,状態,*,*,서먹,서먹,*,*,*,XR
서먹서먹,0,0,0,Root,語根,状態,*,*,서먹서먹,서먹서먹,*,*,*,XR
서운,0,0,0,Root,語根,状態,*,*,서운01,서운,*,*,*,XR
석연,0,0,0,Root,語根,状態,*,*,석연06,석연,釋然,*,*,XR
선선,0,0,0,Root,語根,状態,*,*,선선01,선선,*,*,*,XR
선연,0,0,0,Root,語根,状態,*,*,선연08,선연,鮮然,*,*,XR
섬세,0,0,0,Root,語根,状態,*,*,섬세,섬세,纖細,*,*,XR
섬약,0,0,0,Root,語根,状態,*,*,섬약,섬약,纖弱,*,*,XR
섬쩍지근,0,0,0,Root,語根,状態,*,*,섬쩍지근,섬쩍지근,*,*,*,XR
섭섭,0,0,0,Root,語根,状態,*,*,섭섭,섭섭,*,*,*,XR
성급,0,0,0,Root,語根,状態,*,*,성급02,성급,性急,*,*,XR
성대,0,0,0,Root,語根,状態,*,*,성대02,성대,盛大,*,*,XR
성성,0,0,0,Root,語根,状態,*,*,성성02,성성,星星,*,*,XR
세밀,0,0,0,Root,語根,状態,*,*,세밀,세밀,細密,*,*,XR
세세,0,0,0,Root,語根,状態,*,*,세세02,세세,細細,*,*,XR
세심,0,0,0,Root,語根,状態,*,*,세심02,세심,細心,*,*,XR
소곤,0,0,0,Root,語根,動作,*,*,소곤01,소곤,*,*,*,XR
소담,0,0,0,Root,語根,状態,*,*,소담01,소담,*,*,*,XR
소박,0,0,0,Root,語根,状態,*,*,소박01,소박,素朴,*,*,XR
소상,0,0,0,Root,語根,状態,*,*,소상08,소상,昭詳,*,*,XR
소소,0,0,0,Root,語根,状態,*,*,소소01,소소,小小,*,*,XR
소슬,0,0,0,Root,語根,状態,*,*,소슬,소슬,蕭瑟,*,*,XR
소심,0,0,0,Root,語根,状態,*,*,소심02,소심,小心,*,*,XR
소연,0,0,0,Root,語根,状態,*,*,소연08,소연,騷然,*,*,XR
소중,0,0,0,Root,語根,状態,*,*,소중01,소중,所重,*,*,XR
소탈,0,0,0,Root,語根,状態,*,*,소탈,소탈,疏脫,*,*,XR
속닥,0,0,0,Root,語根,動作,*,*,속닥,속닥,*,*,*,XR
속삭,0,0,0,Root,語根,動作,*,*,속삭,속삭,*,*,*,XR
솔깃,0,0,0,Root,語根,状態,*,*,솔깃,솔깃,*,*,*,XR
솔직,0,0,0,Root,語根,状態,*,*,솔직,솔직,率直,*,*,XR
송구,0,0,0,Root,語根,状態,*,*,송구02,송구,悚懼,*,*,XR
수꿀,0,0,0,Root,語根,状態,*,*,수꿀,수꿀,*,*,*,XR
수더분,0,0,0,Root,語根,状態,*,*,수더분,수더분,*,*,*,XR
수두룩,0,0,0,Root,語根,状態,*,*,수두룩,수두룩,*,*,*,XR
수런,0,0,0,Root,語根,動作,*,*,수런,수런,*,*,*,XR
수려,0,0,0,Root,語根,状態,*,*,수려,수려,秀麗,*,*,XR
수상,0,0,0,Root,語根,状態,*,*,수상11,수상,殊常,*,*,XR
수수,0,0,0,Root,語根,状態,*,*,수수02,수수,*,어지럽다,*,XR
수수,0,0,0,Root,語根,状態,*,*,수수03,수수,*,"옷차림이 ~",*,XR
수월,0,0,0,Root,語根,状態,*,*,수월01,수월,*,*,*,XR
수척,0,0,0,Root,語根,状態,*,*,수척03,수척,瘦瘠,*,*,XR
숙연,0,0,0,Root,語根,状態,*,*,숙연02,숙연,肅然,*,*,XR
순박,0,0,0,Root,語根,状態,*,*,순박,순박,淳朴,*,*,XR
순순,0,0,0,Root,語根,状態,*,*,순순03,순순,順順,*,*,XR
순전,0,0,0,Root,語根,状態,*,*,순전04,순전,純全,*,*,XR
순탄,0,0,0,Root,語根,状態,*,*,순탄01,순탄,順坦,*,*,XR
숭고,0,0,0,Root,語根,状態,*,*,숭고02,숭고,崇高,*,*,XR
쉬쉬,0,0,0,Root,語根,動作,*,*,쉬쉬01,쉬쉬,*,*,*,XR
스멀,0,0,0,Root,語根,動作,*,*,스멀,스멀,*,*,*,XR
스산,0,0,0,Root,語根,状態,*,*,스산,스산,*,*,*,XR
시급,0,0,0,Root,語根,状態,*,*,시급01,시급,時急,*,*,XR
시들,0,0,0,Root,語根,状態,*,*,시들,시들,*,*,*,XR
시무룩,0,0,0,Root,語根,状態,*,*,시무룩,시무룩,*,*,*,XR
시시,0,0,0,Root,語根,状態,*,*,시시02,시시,*,*,*,XR
시시껄렁,0,0,0,Root,語根,状態,*,*,시시껄렁,시시껄렁,*,*,*,XR
시시닥,0,0,0,Root,語根,動作,*,*,시시닥,시시닥,*,*,*,XR
시시덕,0,0,0,Root,語根,動作,*,*,시시덕,시시덕,*,*,*,XR
시원,0,0,0,Root,語根,状態,*,*,시원01,시원,*,*,*,XR
시원섭섭,0,0,0,Root,語根,状態,*,*,시원섭섭,시원섭섭,*,*,*,XR
시큰,0,0,0,Root,語根,状態,*,*,시큰,시큰,*,*,*,XR
시큰둥,0,0,0,Root,語根,状態,*,*,시큰둥,시큰둥,*,*,*,XR
시큼,0,0,0,Root,語根,状態,*,*,시큼,시큼,*,*,*,XR
신기,0,0,0,Root,語根,状態,*,*,신기03,신기,神奇,*,*,XR
신기,0,0,0,Root,語根,状態,*,*,신기14,신기,新奇,*,*,XR
신랄,0,0,0,Root,語根,状態,*,*,신랄,신랄,辛辣,*,*,XR
신선,0,0,0,Root,語根,状態,*,*,신선06,신선,新鮮,*,*,XR
신통,0,0,0,Root,語根,状態,*,*,신통01,신통,神通,*,*,XR
실팍,0,0,0,Root,語根,状態,*,*,실팍,실팍,*,*,*,XR
심각,0,0,0,Root,語根,状態,*,*,심각02,심각,深刻,*,*,XR
심난,0,0,0,Root,語根,状態,*,*,심난,심난,甚難,*,*,XR
심대,0,0,0,Root,語根,状態,*,*,심대02,심대,甚大,*,*,XR
심드렁,0,0,0,Root,語根,状態,*,*,심드렁,심드렁,*,*,*,XR
심란,0,0,0,Root,語根,状態,*,*,심란,심란,心亂,*,*,XR
심상,0,0,0,Root,語根,状態,*,*,심상07,심상,尋常,*,*,XR
심심,0,0,0,Root,語根,状態,*,*,심심01,심심,*,*,*,XR
심심,0,0,0,Root,語根,状態,*,*,심심02,심심,*,싱겁다,*,XR
심심,0,0,0,Root,語根,状態,*,*,심심03,심심,甚深,*,*,XR
심약,0,0,0,Root,語根,状態,*,*,심약02,심약,心弱,*,*,XR
심오,0,0,0,Root,語根,状態,*,*,심오,심오,深奧,*,*,XR
심장,0,0,0,Root,語根,状態,*,*,심장01,심장,深長,*,*,XR
싱싱,0,0,0,Root,語根,状態,*,*,싱싱,싱싱,*,*,*,XR
싸늘,0,0,0,Root,語根,状態,*,*,싸늘,싸늘,*,*,*,XR
싹싹,0,0,0,Root,語根,状態,*,*,싹싹02,싹싹,*,*,*,XR
쌀쌀,0,0,0,Root,語根,状態,*,*,쌀쌀04,쌀쌀,*,*,*,XR
쌈박,0,0,0,Root,語根,状態,*,*,쌈박03,쌈박,*,*,*,XR
쌉싸래,0,0,0,Root,語根,状態,*,*,쌉싸래,쌉싸래,*,*,*,XR
쌉쌀,0,0,0,Root,語根,状態,*,*,쌉쌀,쌉쌀,*,*,*,XR
써늘,0,0,0,Root,語根,状態,*,*,써늘,써늘,*,*,*,XR
썰렁,0,0,0,Root,語根,状態,*,*,썰렁,썰렁,*,*,*,XR
쏘삭,0,0,0,Root,語根,動作,*,*,쏘삭,쏘삭,*,*,*,XR
쏠쏠,0,0,0,Root,語根,状態,*,*,쏠쏠02,쏠쏠,*,*,*,XR
쑤군덕,0,0,0,Root,語根,動作,*,*,쑤군덕,쑤군덕,*,*,*,XR
쑥덕,0,0,0,Root,語根,動作,*,*,쑥덕,쑥덕,*,*,*,XR
쓸쓸,0,0,0,Root,語根,状態,*,*,쓸쓸02,쓸쓸,*,*,*,XR
씁쓸,0,0,0,Root,語根,状態,*,*,씁쓸,씁쓸,*,*,*,XR
씨근,0,0,0,Root,語根,動作,*,*,씨근,씨근,*,*,*,XR
씨부렁,0,0,0,Root,語根,動作,*,*,씨부렁,씨부렁,*,*,*,XR
씩씩,0,0,0,Root,語根,状態,*,*,씩씩02,씩씩,*,*,*,XR
아늑,0,0,0,Root,語根,状態,*,*,아늑02,아늑,*,*,*,XR
아담,0,0,0,Root,語根,状態,*,*,아담01,아담,雅淡,*,*,XR
아둔,0,0,0,Root,語根,状態,*,*,아둔,아둔,*,*,*,XR
아득,0,0,0,Root,語根,状態,*,*,아득02,아득,*,*,*,XR
아뜩,0,0,0,Root,語根,状態,*,*,아뜩,아뜩,*,*,*,XR
아련,0,0,0,Root,語根,状態,*,*,아련01,아련,*,*,*,XR
아른,0,0,0,Root,語根,動作,*,*,아른,아른,*,*,*,XR
아리송,0,0,0,Root,語根,状態,*,*,아리송,아리송,*,*,*,XR
아릿,0,0,0,Root,語根,状態,*,*,아릿02,아릿,*,*,*,XR
아물,0,0,0,Root,語根,動作,*,*,아물,아물,*,*,*,XR
아스라,0,0,0,Root,語根,状態,*,*,아스라01,아스라,*,*,*,XR
아슬,0,0,0,Root,語根,状態,*,*,아슬02,아슬,*,*,*,XR
아아,0,0,0,Root,語根,状態,*,*,아아02,아아,峨峨,*,*,XR
악악,0,0,0,Root,語根,動作,*,*,악악01,악악,*,*,*,XR
안이,0,0,0,Root,語根,状態,*,*,안이02,안이,安易,*,*,XR
알딸딸,0,0,0,Root,語根,状態,*,*,알딸딸,알딸딸,*,*,*,XR
알량,0,0,0,Root,語根,状態,*,*,알량,알량,*,*,*,XR
알싸,0,0,0,Root,語根,状態,*,*,알싸,알싸,*,*,*,XR
암담,0,0,0,Root,語根,状態,*,*,암담,암담,暗澹,*,*,XR
앙바틈,0,0,0,Root,語根,状態,*,*,앙바틈,앙바틈,*,*,*,XR
앙상,0,0,0,Root,語根,状態,*,*,앙상,앙상,*,*,*,XR
앙증,0,0,0,Root,語根,状態,*,*,앙증,앙증,*,*,*,XR
앙큼,0,0,0,Root,語根,状態,*,*,앙큼,앙큼,*,*,*,XR
애매,0,0,0,Root,語根,状態,*,*,애매02,애매,*,억울하다,*,XR
애잔,0,0,0,Root,語根,状態,*,*,애잔,애잔,*,*,*,XR
애절,0,0,0,Root,語根,状態,*,*,애절01,애절,*,"애가 탐",*,XR
애절,0,0,0,Root,語根,状態,*,*,애절02,애절,哀切,*,*,XR
애틋,0,0,0,Root,語根,状態,*,*,애틋,애틋,*,*,*,XR
야릇,0,0,0,Root,語根,状態,*,*,야릇,야릇,*,*,*,XR
야박,0,0,0,Root,語根,状態,*,*,야박02,야박,野薄,*,*,XR
야비,0,0,0,Root,語根,状態,*,*,야비,야비,野卑,*,*,XR
야트막,0,0,0,Root,語根,状態,*,*,야트막,야트막,*,*,*,XR
약소,0,0,0,Root,語根,状態,*,*,약소02,약소,略少,*,*,XR
얄팍,0,0,0,Root,語根,状態,*,*,얄팍,얄팍,*,*,*,XR
어기적,0,0,0,Root,語根,動作,*,*,어기적01,어기적,*,*,*,XR
어눌,0,0,0,Root,語根,状態,*,*,어눌,어눌,語訥,*,*,XR
어두컴컴,0,0,0,Root,語根,状態,*,*,어두컴컴,어두컴컴,*,*,*,XR
어둑,0,0,0,Root,語根,状態,*,*,어둑01,어둑,*,*,*,XR
어떠,0,0,0,Root,語根,状態,*,*,어떠,어떠,*,*,*,XR
어떠어떠,0,0,0,Root,語根,状態,*,*,어떠어떠,어떠어떠,*,*,*,XR
어뜩,0,0,0,Root,語根,状態,*,*,어뜩02,어뜩,*,*,*,XR
어렴풋,0,0,0,Root,語根,状態,*,*,어렴풋,어렴풋,*,*,*,XR
어룽,0,0,0,Root,語根,動作,*,*,어룽02,어룽,*,*,*,XR
어리둥절,0,0,0,Root,語根,状態,*,*,어리둥절,어리둥절,*,*,*,XR
어리벙벙,0,0,0,Root,語根,状態,*,*,어리벙벙,어리벙벙,*,*,*,XR
어마어마,0,0,0,Root,語根,状態,*,*,어마어마,어마어마,*,*,*,XR
어벙,0,0,0,Root,語根,状態,*,*,어벙,어벙,*,*,*,XR
어색,0,0,0,Root,語根,状態,*,*,어색02,어색,語塞,*,*,XR
어수선,0,0,0,Root,語根,状態,*,*,어수선,어수선,*,*,*,XR
어슷,0,0,0,Root,語根,状態,*,*,어슷02,어슷,*,*,*,XR
어엿,0,0,0,Root,語根,状態,*,*,어엿01,어엿,*,*,*,XR
어지간,0,0,0,Root,語根,状態,*,*,어지간,어지간,*,*,*,XR
얼근,0,0,0,Root,語根,状態,*,*,얼근,얼근,*,*,*,XR
얼떨떨,0,0,0,Root,語根,状態,*,*,얼떨떨,얼떨떨,*,*,*,XR
얼얼,0,0,0,Root,語根,状態,*,*,얼얼,얼얼,*,*,*,XR
얼쩡,0,0,0,Root,語根,動作,*,*,얼쩡01,얼쩡,*,*,*,XR
얼큰,0,0,0,Root,語根,状態,*,*,얼큰,얼큰,*,*,*,XR
엄밀,0,0,0,Root,語根,状態,*,*,엄밀,엄밀,嚴密,*,*,XR
엄숙,0,0,0,Root,語根,状態,*,*,엄숙,엄숙,嚴肅,*,*,XR
엄연,0,0,0,Root,語根,状態,*,*,엄연02,엄연,儼然,*,*,XR
엄정,0,0,0,Root,語根,状態,*,*,엄정01,엄정,嚴正,*,*,XR
엇비슷,0,0,0,Root,語根,状態,*,*,엇비슷,엇비슷,*,*,*,XR
엉뚱,0,0,0,Root,語根,状態,*,*,엉뚱,엉뚱,*,*,*,XR
엉성,0,0,0,Root,語根,状態,*,*,엉성,엉성,*,*,*,XR
엉큼,0,0,0,Root,語根,状態,*,*,엉큼,엉큼,*,*,*,XR
엔간,0,0,0,Root,語根,状態,*,*,엔간,엔간,*,*,*,XR
여의,0,0,0,Root,語根,状態,*,*,여의03,여의,如意,*,*,XR
여전,0,0,0,Root,語根,状態,*,*,여전02,여전,如前,*,*,XR
여차,0,0,0,Root,語根,動作,*,*,여차03,여차,如此,여차하다02/동사,*,XR
역력,0,0,0,Root,語根,状態,*,*,역력01,역력,歷歷,*,*,XR
역연,0,0,0,Root,語根,状態,*,*,역연03,역연,歷然,*,*,XR
연약,0,0,0,Root,語根,状態,*,*,연약01,연약,軟弱,*,*,XR
연연,0,0,0,Root,語根,動作,*,*,연연10,연연,戀戀,*,*,XR
열렬,0,0,0,Root,語根,状態,*,*,열렬01,열렬,熱烈,*,*,XR
열악,0,0,0,Root,語根,状態,*,*,열악,열악,劣惡,*,*,XR
영롱,0,0,0,Root,語根,状態,*,*,영롱,영롱,玲瓏,*,*,XR
영리,0,0,0,Root,語根,状態,*,*,영리01,영리,怜悧,*,*,XR
영민,0,0,0,Root,語根,状態,*,*,영민,영민,英敏,*,*,XR
영악,0,0,0,Root,語根,状態,*,*,영악03,영악,靈惡,*,*,XR
영특,0,0,0,Root,語根,状態,*,*,영특01,영특,英特,*,*,XR
예리,0,0,0,Root,語根,状態,*,*,예리02,예리,銳利,*,*,XR
예민,0,0,0,Root,語根,状態,*,*,예민01,예민,銳敏,*,*,XR
예쁘장,0,0,0,Root,語根,状態,*,*,예쁘장,예쁘장,*,*,*,XR
오련,0,0,0,Root,語根,状態,*,*,오련,오련,*,*,*,XR
오롯,0,0,0,Root,語根,状態,*,*,오롯01,오롯,*,*,*,XR
오묘,0,0,0,Root,語根,状態,*,*,오묘03,오묘,奧妙,*,*,XR
오붓,0,0,0,Root,語根,状態,*,*,오붓,오붓,*,*,*,XR
오색찬란,0,0,0,Root,語根,状態,*,*,오색찬란,오색찬란,五色燦爛,*,*,XR
온당,0,0,0,Root,語根,状態,*,*,온당,온당,穩當,*,*,XR
온순,0,0,0,Root,語根,状態,*,*,온순02,온순,溫順,*,*,XR
온전,0,0,0,Root,語根,状態,*,*,온전,온전,穩全,*,*,XR
온화,0,0,0,Root,語根,状態,*,*,온화01,온화,溫和,*,*,XR
옹졸,0,0,0,Root,語根,状態,*,*,옹졸,옹졸,壅拙,*,*,XR
와글,0,0,0,Root,語根,動作,*,*,와글,와글,*,*,*,XR
와드등,0,0,0,Root,語根,動作,*,*,와드등,와드등,*,*,*,XR
완강,0,0,0,Root,語根,状態,*,*,완강02,완강,頑强,*,*,XR
완고,0,0,0,Root,語根,状態,*,*,완고03,완고,頑固,*,*,XR
완곡,0,0,0,Root,語根,状態,*,*,완곡01,완곡,婉曲,*,*,XR
완만,0,0,0,Root,語根,状態,*,*,완만03,완만,緩晩,*,*,XR
완만,0,0,0,Root,語根,状態,*,*,완만04,완만,緩慢,*,*,XR
완연,0,0,0,Root,語根,状態,*,*,완연02,완연,宛然,*,*,XR
왜소,0,0,0,Root,語根,状態,*,*,왜소,왜소,矮小,*,*,XR
왜자,0,0,0,Root,語根,状態,*,*,왜자01,왜자,*,*,*,XR
외람,0,0,0,Root,語根,状態,*,*,외람,외람,猥濫,*,*,XR
요긴,0,0,0,Root,語根,状態,*,*,요긴,요긴,要緊,*,*,XR
요만,0,0,0,Root,語根,状態,*,*,요만03,요만,*,*,*,XR
용감,0,0,0,Root,語根,状態,*,*,용감,용감,勇敢,*,*,XR
용의주도,0,0,0,Root,語根,状態,*,*,용의주도,용의주도,用意周到,*,*,XR
용이,0,0,0,Root,語根,状態,*,*,용이,용이,容易,*,*,XR
우람,0,0,0,Root,語根,状態,*,*,우람01,우람,*,*,*,XR
우아,0,0,0,Root,語根,状態,*,*,우아02,우아,優雅,*,*,XR
우악,0,0,0,Root,語根,状態,*,*,우악01,우악,愚惡,*,*,XR
우직,0,0,0,Root,語根,状態,*,*,우직04,우직,愚直,*,*,XR
울적,0,0,0,Root,語根,状態,*,*,울적01,울적,鬱寂,*,*,XR
울창,0,0,0,Root,語根,状態,*,*,울창02,울창,鬱蒼,*,*,XR
움직,0,0,0,Root,語根,動作,*,*,움직,움직,*,*,*,XR
웅건,0,0,0,Root,語根,状態,*,*,웅건,웅건,雄健,*,*,XR
웅대,0,0,0,Root,語根,状態,*,*,웅대,웅대,雄大,*,*,XR
웅장,0,0,0,Root,語根,状態,*,*,웅장01,웅장,雄壯,*,*,XR
원대,0,0,0,Root,語根,状態,*,*,원대05,원대,遠大,*,*,XR
원만,0,0,0,Root,語根,状態,*,*,원만01,원만,圓滿,*,*,XR
원숙,0,0,0,Root,語根,状態,*,*,원숙02,원숙,圓熟,*,*,XR
웬만,0,0,0,Root,語根,状態,*,*,웬만,웬만,*,*,*,XR
위대,0,0,0,Root,語根,状態,*,*,위대02,위대,偉大,*,*,XR
위독,0,0,0,Root,語根,状態,*,*,위독,위독,危篤,*,*,XR
위중,0,0,0,Root,語根,状態,*,*,위중01,위중,危重,*,*,XR
위태,0,0,0,Root,語根,状態,*,*,위태01,위태,危殆,*,*,XR
유구,0,0,0,Root,語根,状態,*,*,유구04,유구,悠久,*,*,XR
유덕,0,0,0,Root,語根,状態,*,*,유덕01,유덕,有德,*,*,XR
유려,0,0,0,Root,語根,状態,*,*,유려01,유려,流麗,*,*,XR
유복,0,0,0,Root,語根,状態,*,*,유복03,유복,裕福,*,*,XR
유순,0,0,0,Root,語根,状態,*,*,유순03,유순,柔順,*,*,XR
유심,0,0,0,Root,語根,状態,*,*,유심01,유심,有心,*,*,XR
유약,0,0,0,Root,語根,状態,*,*,유약02,유약,柔弱,*,*,XR
유연,0,0,0,Root,語根,状態,*,*,유연07,유연,柔軟,*,*,XR
유연,0,0,0,Root,語根,状態,*,*,유연10,유연,悠然,*,*,XR
유장,0,0,0,Root,語根,状態,*,*,유장07,유장,悠長,*,*,XR
유족,0,0,0,Root,語根,状態,*,*,유족02,유족,裕足,*,*,XR
유창,0,0,0,Root,語根,状態,*,*,유창03,유창,流暢,*,*,XR
유치,0,0,0,Root,語根,状態,*,*,유치02,유치,幼稚,*,*,XR
유효적절,0,0,0,Root,語根,状態,*,*,유효적절,유효적절,有效適切,*,*,XR
육중,0,0,0,Root,語根,状態,*,*,육중02,육중,肉重,*,*,XR
융숭,0,0,0,Root,語根,状態,*,*,융숭,융숭,隆崇,*,*,XR
으리으리,0,0,0,Root,語根,状態,*,*,으리으리,으리으리,*,*,*,XR
으슥,0,0,0,Root,語根,状態,*,*,으슥,으슥,*,*,*,XR
은밀,0,0,0,Root,語根,状態,*,*,은밀,은밀,隱密,*,*,XR
은은,0,0,0,Root,語根,状態,*,*,은은02,은은,隱隱,*,*,XR
음산,0,0,0,Root,語根,状態,*,*,음산02,음산,陰散,*,*,XR
음습,0,0,0,Root,語根,状態,*,*,음습02,음습,陰濕,*,*,XR
음울,0,0,0,Root,語根,状態,*,*,음울,음울,陰鬱,*,*,XR
음침,0,0,0,Root,語根,状態,*,*,음침,음침,陰沈,*,*,XR
음탕,0,0,0,Root,語根,状態,*,*,음탕,음탕,淫蕩,*,*,XR
음험,0,0,0,Root,語根,状態,*,*,음험,음험,陰險,*,*,XR
음황,0,0,0,Root,語根,状態,*,*,음황01,음황,淫荒,*,*,XR
의미심장,0,0,0,Root,語根,状態,*,*,의미심장,의미심장,意味深長,*,*,XR
의연,0,0,0,Root,語根,状態,*,*,의연04,의연,毅然,*,*,XR
의젓,0,0,0,Root,語根,状態,*,*,의젓,의젓,*,*,*,XR
이기죽,0,0,0,Root,語根,動作,*,*,이기죽,이기죽,*,*,*,XR
이러,0,0,0,Root,語根,状態,*,*,이러02,이러,*,*,*,XR
이러이러,0,0,0,Root,語根,状態,*,*,이러이러,이러이러,*,*,*,XR
이러저러,0,0,0,Root,語根,状態,*,*,이러저러,이러저러,*,*,*,XR
이룩,0,0,0,Root,語根,動作,*,*,이룩,이룩,*,*,*,XR
이만,0,0,0,Root,語根,状態,*,*,이만03,이만,*,*,*,XR
이상야릇,0,0,0,Root,語根,状態,*,*,이상야릇,이상야릇,異常야릇,*,*,XR
이슥,0,0,0,Root,語根,状態,*,*,이슥,이슥,*,*,*,XR
이악,0,0,0,Root,語根,状態,*,*,이악,이악,*,*,*,XR
이죽,0,0,0,Root,語根,動作,*,*,이죽01,이죽,*,*,*,XR
익숙,0,0,0,Root,語根,状態,*,*,익숙,익숙,*,*,*,XR
인자,0,0,0,Root,語根,状態,*,*,인자04,인자,仁慈,*,*,XR
일목요연,0,0,0,Root,語根,状態,*,*,일목요연,일목요연,一目瞭然,*,*,XR
일천,0,0,0,Root,語根,状態,*,*,일천05,일천,日淺,*,*,XR
자그마,0,0,0,Root,語根,状態,*,*,자그마,자그마,*,*,*,XR
자명,0,0,0,Root,語根,状態,*,*,자명01,자명,自明,*,*,XR
자상,0,0,0,Root,語根,状態,*,*,자상01,자상,仔詳,*,*,XR
자세,0,0,0,Root,語根,状態,*,*,자세01,자세,仔細,*,*,XR
자신만만,0,0,0,Root,語根,状態,*,*,자신만만,자신만만,自信滿滿,*,*,XR
자욱,0,0,0,Root,語根,状態,*,*,자욱01,자욱,*,*,*,XR
자자,0,0,0,Root,語根,状態,*,*,자자09,자자,藉藉,*,*,XR
자잘,0,0,0,Root,語根,状態,*,*,자잘,자잘,*,*,*,XR
자질구레,0,0,0,Root,語根,状態,*,*,자질구레,자질구레,*,*,*,XR
작달막,0,0,0,Root,語根,状態,*,*,작달막,작달막,*,*,*,XR
작작,0,0,0,Root,語根,状態,*,*,작작04,작작,綽綽,*,*,XR
잔잔,0,0,0,Root,語根,状態,*,*,잔잔01,잔잔,*,*,*,XR
잠잠,0,0,0,Root,語根,状態,*,*,잠잠,잠잠,潛潛,*,*,XR
잡다,0,0,0,Root,語根,状態,*,*,잡다04,잡다,雜多,*,*,XR
장구,0,0,0,Root,語根,状態,*,*,장구04,장구,長久,*,*,XR
장대,0,0,0,Root,語根,状態,*,*,장대04,장대,壯大,*,*,XR
장대,0,0,0,Root,語根,状態,*,*,장대07,장대,長大,*,*,XR
장대,0,0,0,Root,語根,状態,*,*,장대10,장대,張大,*,*,XR
장려,0,0,0,Root,語根,状態,*,*,장려01,장려,壯麗,*,*,XR
장렬,0,0,0,Root,語根,状態,*,*,장렬01,장렬,壯烈,*,*,XR
장중,0,0,0,Root,語根,状態,*,*,장중02,장중,莊重,*,*,XR
장쾌,0,0,0,Root,語根,状態,*,*,장쾌01,장쾌,壯快,*,*,XR
장황,0,0,0,Root,語根,状態,*,*,장황01,장황,張皇,*,*,XR
쟁쟁,0,0,0,Root,語根,状態,*,*,쟁쟁04,쟁쟁,錚錚,*,*,XR
저러,0,0,0,Root,語根,状態,*,*,저러,저러,*,*,*,XR
저렴,0,0,0,Root,語根,状態,*,*,저렴,저렴,低廉,*,*,XR
적나라,0,0,0,Root,語根,状態,*,*,적나라,적나라,赤裸裸,*,*,XR
적당,0,0,0,Root,語根,状態,*,*,적당04,적당,適當,*,*,XR
적실,0,0,0,Root,語根,状態,*,*,적실03,적실,的實,*,*,XR
적실,0,0,0,Root,語根,状態,*,*,적실06,적실,適實,*,*,XR
적의,0,0,0,Root,語根,状態,*,*,적의04,적의,適宜,*,*,XR
적적,0,0,0,Root,語根,状態,*,*,적적02,적적,寂寂,*,*,XR
적절,0,0,0,Root,語根,状態,*,*,적절,적절,適切,*,*,XR
적확,0,0,0,Root,語根,状態,*,*,적확,적확,的確,*,*,XR
전도양양,0,0,0,Root,語根,状態,*,*,전도양양,전도양양,前途洋洋,*,*,XR
절뚝,0,0,0,Root,語根,動作,*,*,절뚝,절뚝,*,*,*,XR
절룩,0,0,0,Root,語根,動作,*,*,절룩,절룩,*,*,*,XR
절묘,0,0,0,Root,語根,状態,*,*,절묘,절묘,絶妙,*,*,XR
절박,0,0,0,Root,語根,状態,*,*,절박01,절박,切迫,*,*,XR
절실,0,0,0,Root,語根,状態,*,*,절실,절실,切實,*,*,XR
절절,0,0,0,Root,語根,状態,*,*,절절05,절절,切切,*,*,XR
절친,0,0,0,Root,語根,状態,*,*,절친,절친,切親,*,*,XR
정갈,0,0,0,Root,語根,状態,*,*,정갈,정갈,*,*,*,XR
정교,0,0,0,Root,語根,状態,*,*,정교06,정교,精巧,*,*,XR
정당,0,0,0,Root,語根,状態,*,*,정당04,정당,正當,*,*,XR
정숙,0,0,0,Root,語根,状態,*,*,정숙04,정숙,整肅,*,*,XR
정연,0,0,0,Root,語根,状態,*,*,정연08,정연,整然,*,*,XR
정연,0,0,0,Root,語根,状態,*,*,정연01,정연,井然,*,*,XR
정정,0,0,0,Root,語根,状態,*,*,정정12,정정,亭亭,*,*,XR
정정당당,0,0,0,Root,語根,状態,*,*,정정당당,정정당당,正正堂堂,*,*,XR
정중,0,0,0,Root,語根,状態,*,*,정중04,정중,鄭重,*,*,XR
정치,0,0,0,Root,語根,状態,*,*,정치07,정치,精緻,*,*,XR
조그마,0,0,0,Root,語根,状態,*,*,조그마,조그마,*,*,*,XR
조급,0,0,0,Root,語根,状態,*,*,조급01,조급,早急,*,*,XR
조급,0,0,0,Root,語根,状態,*,*,조급03,조급,躁急,*,*,XR
조몰락,0,0,0,Root,語根,動作,*,*,조몰락,조몰락,*,*,*,XR
조밀,0,0,0,Root,語根,状態,*,*,조밀,조밀,稠密,*,*,XR
조붓,0,0,0,Root,語根,状態,*,*,조붓,조붓,*,*,*,XR
조속,0,0,0,Root,語根,状態,*,*,조속01,조속,早速,*,*,XR
조악,0,0,0,Root,語根,状態,*,*,조악03,조악,粗惡,*,*,XR
조용,0,0,0,Root,語根,状態,*,*,조용01,조용,*,*,*,XR
조잡,0,0,0,Root,語根,状態,*,*,조잡02,조잡,粗雜,*,*,XR
조잡,0,0,0,Root,語根,状態,*,*,조잡03,조잡,稠雜,*,*,XR
조촐,0,0,0,Root,語根,状態,*,*,조촐,조촐,*,*,*,XR
졸깃,0,0,0,Root,語根,動作,*,*,졸깃,졸깃,*,*,*,XR
죄송,0,0,0,Root,語根,状態,*,*,죄송,죄송,罪悚,*,*,XR
주도면밀,0,0,0,Root,語根,状態,*,*,주도면밀,주도면밀,周到綿密,*,*,XR
주물럭,0,0,0,Root,語根,動作,*,*,주물럭,주물럭,*,*,*,XR
주절,0,0,0,Root,語根,動作,*,*,주절01,주절,*,*,*,XR
준수,0,0,0,Root,語根,状態,*,*,준수01,준수,俊秀,*,*,XR
준엄,0,0,0,Root,語根,状態,*,*,준엄,준엄,峻嚴,*,*,XR
준열,0,0,0,Root,語根,状態,*,*,준열,준열,峻烈,*,*,XR
중차대,0,0,0,Root,語根,状態,*,*,중차대,중차대,重且大,*,*,XR
중후,0,0,0,Root,語根,状態,*,*,중후02,중후,重厚,*,*,XR
즐비,0,0,0,Root,語根,状態,*,*,즐비,즐비,櫛比,*,*,XR
지극,0,0,0,Root,語根,状態,*,*,지극02,지극,至極,*,*,XR
지긋,0,0,0,Root,語根,状態,*,*,지긋01,지긋,*,"집안일이 ~하다",*,XR
지긋,0,0,0,Root,語根,状態,*,*,지긋02,지긋,*,"나이가 ~하다",*,XR
지끈,0,0,0,Root,語根,動作,*,*,지끈02,지끈,*,*,*,XR
지난,0,0,0,Root,語根,状態,*,*,지난01,지난,至難,*,*,XR
지당,0,0,0,Root,語根,状態,*,*,지당05,지당,至當,*,*,XR
지대,0,0,0,Root,語根,状態,*,*,지대08,지대,至大,*,*,XR
지독,0,0,0,Root,語根,状態,*,*,지독02,지독,至毒,*,*,XR
지루,0,0,0,Root,語根,状態,*,*,지루01,지루,*,*,*,XR
지순,0,0,0,Root,語根,状態,*,*,지순01,지순,至純,*,*,XR
지엄,0,0,0,Root,語根,状態,*,*,지엄01,지엄,至嚴,*,*,XR
지저분,0,0,0,Root,語根,状態,*,*,지저분,지저분,*,*,*,XR
지직,0,0,0,Root,語根,動作,*,*,지직80,지직,*,*,*,XR
직수굿,0,0,0,Root,語根,状態,*,*,직수굿,직수굿,*,*,*,XR
진귀,0,0,0,Root,語根,状態,*,*,진귀01,진귀,珍貴,*,*,XR
진기,0,0,0,Root,語根,状態,*,*,진기03,진기,珍奇,*,*,XR
진득,0,0,0,Root,語根,状態,*,*,진득01,진득,*,*,*,XR
진부,0,0,0,Root,語根,状態,*,*,진부03,진부,陳腐,*,*,XR
진솔,0,0,0,Root,語根,状態,*,*,진솔02,진솔,眞率,*,*,XR
진정,0,0,0,Root,語根,状態,*,*,진정03,진정,眞正,*,*,XR
진지,0,0,0,Root,語根,状態,*,*,진지05,진지,眞摯,*,*,XR
진진,0,0,0,Root,語根,状態,*,*,진진02,진진,津津,*,*,XR
질박,0,0,0,Root,語根,状態,*,*,질박02,질박,質樸,*,*,XR
질벅,0,0,0,Root,語根,動作,*,*,질벅,질벅,*,*,*,XR
질척,0,0,0,Root,語根,状態,*,*,질척,질척,*,*,*,XR
질컥,0,0,0,Root,語根,状態,*,*,질컥,질컥,*,*,*,XR
질퍽,0,0,0,Root,語根,状態,*,*,질퍽,질퍽,*,*,*,XR
질펀,0,0,0,Root,語根,状態,*,*,질펀,질펀,*,*,*,XR
집요,0,0,0,Root,語根,状態,*,*,집요01,집요,執拗,*,*,XR
집적,0,0,0,Root,語根,動作,*,*,집적01,집적,*,*,*,XR
짜릿,0,0,0,Root,語根,状態,*,*,짜릿,짜릿,*,*,*,XR
짤막,0,0,0,Root,語根,状態,*,*,짤막,짤막,*,*,*,XR
짭조름,0,0,0,Root,語根,状態,*,*,짭조름,짭조름,*,*,*,XR
짭짤,0,0,0,Root,語根,状態,*,*,짭짤,짭짤,*,*,*,XR
짱짱,0,0,0,Root,語根,状態,*,*,짱짱01,짱짱,*,*,*,XR
쩌릿,0,0,0,Root,語根,状態,*,*,쩌릿,쩌릿,*,*,*,XR
쩨쩨,0,0,0,Root,語根,状態,*,*,쩨쩨,쩨쩨,*,*,*,XR
쪼잔,0,0,0,Root,語根,状態,*,*,쪼잔,쪼잔,*,*,*,XR
쫄깃,0,0,0,Root,語根,状態,*,*,쫄깃,쫄깃,*,*,*,XR
쫑알,0,0,0,Root,語根,動作,*,*,쫑알,쫑알,*,*,*,XR
찌뿌듯,0,0,0,Root,語根,状態,*,*,찌뿌듯,찌뿌듯,*,*,*,XR
찐득,0,0,0,Root,語根,状態,*,*,찐득,찐득,*,*,*,XR
찜찜,0,0,0,Root,語根,状態,*,*,찜찜,찜찜,*,*,*,XR
찝쩍,0,0,0,Root,語根,動作,*,*,찝쩍,찝쩍,*,*,*,XR
찝찔,0,0,0,Root,語根,状態,*,*,찝찔,찝찔,*,*,*,XR
찝찝,0,0,0,Root,語根,状態,*,*,찝찝,찝찝,*,*,*,XR
차분,0,0,0,Root,語根,状態,*,*,차분01,차분,*,*,*,XR
착실,0,0,0,Root,語根,状態,*,*,착실,착실,着實,*,*,XR
착잡,0,0,0,Root,語根,状態,*,*,착잡,착잡,錯雜,*,*,XR
찬란,0,0,0,Root,語根,状態,*,*,찬란,찬란,燦爛,*,*,XR
찬연,0,0,0,Root,語根,状態,*,*,찬연02,찬연,燦然,*,*,XR
찬찬,0,0,0,Root,語根,状態,*,*,찬찬02,찬찬,*,*,*,XR
참신,0,0,0,Root,語根,状態,*,*,참신03,참신,斬新,*,*,XR
창백,0,0,0,Root,語根,状態,*,*,창백,창백,蒼白,*,*,XR
창창,0,0,0,Root,語根,状態,*,*,창창08,창창,蹌蹌,*,*,XR
창창,0,0,0,Root,語根,状態,*,*,창창09,창창,蒼蒼,*,*,XR
처량,0,0,0,Root,語根,状態,*,*,처량,처량,凄凉,*,*,XR
처연,0,0,0,Root,語根,状態,*,*,처연02,처연,悽然,*,*,XR
처참,0,0,0,Root,語根,状態,*,*,처참01,처참,悽慘,*,*,XR
척박,0,0,0,Root,語根,状態,*,*,척박,척박,瘠薄,*,*,XR
척척,0,0,0,Root,語根,状態,*,*,척척04,척척,*,*,*,XR
천천,0,0,0,Root,語根,状態,*,*,천천,천천,*,*,*,XR
첨예,0,0,0,Root,語根,状態,*,*,첨예,첨예,尖銳,*,*,XR
청량,0,0,0,Root,語根,状態,*,*,청량04,청량,淸凉,*,*,XR
청신,0,0,0,Root,語根,状態,*,*,청신02,청신,淸新,*,*,XR
청아,0,0,0,Root,語根,状態,*,*,청아02,청아,淸雅,*,*,XR
청초,0,0,0,Root,語根,状態,*,*,청초04,청초,淸楚,*,*,XR
체체,0,0,0,Root,語根,動作,*,*,체체,체체,*,*,*,XR
초라,0,0,0,Root,語根,状態,*,*,초라,초라,*,*,*,XR
초연,0,0,0,Root,語根,状態,*,*,초연12,초연,超然,*,*,XR
초췌,0,0,0,Root,語根,状態,*,*,초췌,초췌,憔悴,*,*,XR
촉촉,0,0,0,Root,語根,状態,*,*,촉촉02,촉촉,*,*,*,XR
촘촘,0,0,0,Root,語根,状態,*,*,촘촘,촘촘,*,*,*,XR
추레,0,0,0,Root,語根,状態,*,*,추레,추레,*,*,*,XR
추악,0,0,0,Root,語根,状態,*,*,추악01,추악,醜惡,*,*,XR
추잡,0,0,0,Root,語根,状態,*,*,추잡01,추잡,醜雜,*,*,XR
축축,0,0,0,Root,語根,状態,*,*,축축02,축축,*,*,*,XR
출중,0,0,0,Root,語根,状態,*,*,출중,출중,出衆,*,*,XR
출출,0,0,0,Root,語根,状態,*,*,출출02,출출,*,*,*,XR
충분,0,0,0,Root,語根,状態,*,*,충분01,충분,充分,*,*,XR
치근,0,0,0,Root,語根,動作,*,*,치근01,치근,*,*,*,XR
치기만만,0,0,0,Root,語根,状態,*,*,치기만만,치기만만,稚氣滿滿,*,*,XR
치렁,0,0,0,Root,語根,動作,*,*,치렁,치렁,*,*,*,XR
치밀,0,0,0,Root,語根,状態,*,*,치밀,치밀,緻密,*,*,XR
치사,0,0,0,Root,語根,状態,*,*,치사01,치사,恥事,*,*,XR
친근,0,0,0,Root,語根,状態,*,*,친근,친근,親近,*,*,XR
칠칠,0,0,0,Root,語根,状態,*,*,칠칠01,칠칠,*,*,*,XR
침울,0,0,0,Root,語根,状態,*,*,침울,침울,沈鬱,*,*,XR
침침,0,0,0,Root,語根,状態,*,*,침침02,침침,沈沈,*,*,XR
칼칼,0,0,0,Root,語根,状態,*,*,칼칼,칼칼,*,*,*,XR
컴컴,0,0,0,Root,語根,状態,*,*,컴컴,컴컴,*,*,*,XR
쾌적,0,0,0,Root,語根,状態,*,*,쾌적,쾌적,快適,*,*,XR
쾌청,0,0,0,Root,語根,状態,*,*,쾌청,쾌청,快晴,*,*,XR
쾌활,0,0,0,Root,語根,状態,*,*,쾌활01,쾌활,快活,*,*,XR
쿰쿰,0,0,0,Root,語根,状態,*,*,쿰쿰,쿰쿰,*,*,*,XR
퀴퀴,0,0,0,Root,語根,状態,*,*,퀴퀴,퀴퀴,*,*,*,XR
큼지막,0,0,0,Root,語根,状態,*,*,큼지막,큼지막,*,*,*,XR
큼직,0,0,0,Root,語根,状態,*,*,큼직,큼직,*,*,*,XR
키들,0,0,0,Root,語根,動作,*,*,키들,키들,*,*,*,XR
타당,0,0,0,Root,語根,状態,*,*,타당03,타당,妥當,*,*,XR
탐탁,0,0,0,Root,語根,状態,*,*,탐탁,탐탁,*,*,*,XR
탕탕,0,0,0,Root,語根,状態,*,*,탕탕03,탕탕,蕩蕩,*,*,XR
터덜,0,0,0,Root,語根,動作,*,*,터덜,터덜,*,*,*,XR
털털,0,0,0,Root,語根,状態,*,*,털털02,털털,*,*,*,XR
텁텁,0,0,0,Root,語根,状態,*,*,텁텁,텁텁,*,*,*,XR
토닥,0,0,0,Root,語根,動作,*,*,토닥,토닥,*,*,*,XR
토실,0,0,0,Root,語根,状態,*,*,토실01,토실,*,*,*,XR
톡톡,0,0,0,Root,語根,状態,*,*,톡톡02,톡톡,*,*,*,XR
통렬,0,0,0,Root,語根,状態,*,*,통렬,통렬,痛烈,*,*,XR
투미,0,0,0,Root,語根,状態,*,*,투미,투미,*,*,*,XR
투박,0,0,0,Root,語根,状態,*,*,투박01,투박,*,*,*,XR
투철,0,0,0,Root,語根,状態,*,*,투철,투철,透徹,*,*,XR
툽툽,0,0,0,Root,語根,状態,*,*,툽툽01,툽툽,*,*,*,XR
특수,0,0,0,Root,語根,状態,*,*,특수01,특수,特秀,*,*,XR
특출,0,0,0,Root,語根,状態,*,*,특출,특출,特出,*,*,XR
튼실,0,0,0,Root,語根,状態,*,*,튼실,튼실,튼實,*,*,XR
튼튼,0,0,0,Root,語根,状態,*,*,튼튼,튼튼,*,*,*,XR
파다,0,0,0,Root,語根,状態,*,*,파다04,파다,播多,*,*,XR
파들,0,0,0,Root,語根,動作,*,*,파들,파들,*,*,*,XR
파르스름,0,0,0,Root,語根,状態,*,*,파르스름,파르스름,*,*,*,XR
파릇,0,0,0,Root,語根,状態,*,*,파릇,파릇,*,*,*,XR
파리,0,0,0,Root,語根,状態,*,*,파리02,파리,*,*,*,XR
팍팍,0,0,0,Root,語根,状態,*,*,팍팍03,팍팍,*,*,*,XR
판이,0,0,0,Root,語根,状態,*,*,판이,판이,判異,*,*,XR
팽팽,0,0,0,Root,語根,状態,*,*,팽팽03,팽팽,*,*,*,XR
팽팽,0,0,0,Root,語根,状態,*,*,팽팽04,팽팽,膨膨,*,*,XR
펑퍼짐,0,0,0,Root,語根,状態,*,*,펑퍼짐,펑퍼짐,*,*,*,XR
편벽,0,0,0,Root,語根,状態,*,*,편벽02,편벽,偏僻,*,*,XR
편편,0,0,0,Root,語根,状態,*,*,편편01,편편,便便,*,*,XR
편평,0,0,0,Root,語根,状態,*,*,편평,편평,扁平,*,*,XR
평범,0,0,0,Root,語根,状態,*,*,평범,평범,平凡,*,*,XR
평이,0,0,0,Root,語根,状態,*,*,평이01,평이,平易,*,*,XR
평평,0,0,0,Root,語根,状態,*,*,평평,평평,平平,*,*,XR
폐일언,0,0,0,Root,語根,動作,*,*,폐일언,폐일언,蔽一言,*,*,XR
포근,0,0,0,Root,語根,状態,*,*,포근,포근,*,*,*,XR
포실,0,0,0,Root,語根,状態,*,*,포실,포실,*,*,*,XR
폭신,0,0,0,Root,語根,状態,*,*,폭신,폭신,*,*,*,XR
푸근,0,0,0,Root,語根,状態,*,*,푸근,푸근,*,*,*,XR
푸르뎅뎅,0,0,0,Root,語根,状態,*,*,푸르뎅뎅,푸르뎅뎅,*,*,*,XR
푸르스름,0,0,0,Root,語根,状態,*,*,푸르스름,푸르스름,*,*,*,XR
푸릇,0,0,0,Root,語根,状態,*,*,푸릇,푸릇,*,*,*,XR
푸짐,0,0,0,Root,語根,状態,*,*,푸짐,푸짐,*,*,*,XR
풋풋,0,0,0,Root,語根,状態,*,*,풋풋,풋풋,*,*,*,XR
풍려,0,0,0,Root,語根,状態,*,*,풍려02,풍려,豊麗,*,*,XR
풍만,0,0,0,Root,語根,状態,*,*,풍만02,풍만,豊滿,*,*,XR
풍부,0,0,0,Root,語根,状態,*,*,풍부02,풍부,豊富,*,*,XR
풍족,0,0,0,Root,語根,状態,*,*,풍족,풍족,豊足,*,*,XR
한가,0,0,0,Root,語根,状態,*,*,한가04,한가,閑暇,*,*,XR
한들,0,0,0,Root,語根,動作,*,*,한들,한들,*,*,*,XR
한산,0,0,0,Root,語根,状態,*,*,한산06,한산,閑散,*,*,XR
한심,0,0,0,Root,語根,状態,*,*,한심01,한심,寒心,*,*,XR
한유,0,0,0,Root,語根,状態,*,*,한유02,한유,閑裕,*,*,XR
한적,0,0,0,Root,語根,状態,*,*,한적01,한적,閑寂,*,*,XR
할딱,0,0,0,Root,語根,動作,*,*,할딱01,할딱,*,*,*,XR
합당,0,0,0,Root,語根,状態,*,*,합당01,합당,合當,*,*,XR
항구,0,0,0,Root,語根,状態,*,*,항구02,항구,恒久,*,*,XR
해괴,0,0,0,Root,語根,状態,*,*,해괴,해괴,駭怪,*,*,XR
해박,0,0,0,Root,語根,状態,*,*,해박02,해박,該博,*,*,XR
해사,0,0,0,Root,語根,状態,*,*,해사01,해사,*,*,*,XR
해쓱,0,0,0,Root,語根,状態,*,*,해쓱,해쓱,*,*,*,XR
핼쑥,0,0,0,Root,語根,状態,*,*,핼쑥,핼쑥,*,*,*,XR
향긋,0,0,0,Root,語根,状態,*,*,향긋,향긋,*,*,*,XR
허구,0,0,0,Root,語根,状態,*,*,허구01,허구,許久,*,*,XR
허다,0,0,0,Root,語根,状態,*,*,허다02,허다,許多,*,*,XR
허랑,0,0,0,Root,語根,状態,*,*,허랑,허랑,虛浪,*,*,XR
허름,0,0,0,Root,語根,状態,*,*,허름,허름,*,*,*,XR
허무맹랑,0,0,0,Root,語根,状態,*,*,허무맹랑,허무맹랑,虛無孟浪,*,*,XR
허술,0,0,0,Root,語根,状態,*,*,허술,허술,*,*,*,XR
허허,0,0,0,Root,語根,状態,*,*,허허04,허허,虛虛,*,*,XR
허황,0,0,0,Root,語根,状態,*,*,허황,허황,虛荒,*,*,XR
헐렁,0,0,0,Root,語根,状態,*,*,헐렁,헐렁,*,*,*,XR
험난,0,0,0,Root,語根,状態,*,*,험난,험난,險難,*,*,XR
험악,0,0,0,Root,語根,状態,*,*,험악,험악,險惡,*,*,XR
험준,0,0,0,Root,語根,状態,*,*,험준,험준,險峻,*,*,XR
헛헛,0,0,0,Root,語根,状態,*,*,헛헛01,헛헛,*,*,*,XR
혁혁,0,0,0,Root,語根,状態,*,*,혁혁02,혁혁,赫赫,*,*,XR
현저,0,0,0,Root,語根,状態,*,*,현저02,현저,顯著,*,*,XR
협소,0,0,0,Root,語根,状態,*,*,협소,협소,狹小,*,*,XR
형형,0,0,0,Root,語根,状態,*,*,형형01,형형,炯炯,*,*,XR
호방,0,0,0,Root,語根,状態,*,*,호방03,호방,豪放,*,*,XR
호젓,0,0,0,Root,語根,状態,*,*,호젓,호젓,*,*,*,XR
호졸근,0,0,0,Root,語根,状態,*,*,호졸근,호졸근,*,*,*,XR
호쾌,0,0,0,Root,語根,状態,*,*,호쾌,호쾌,豪快,*,*,XR
호탕,0,0,0,Root,語根,状態,*,*,호탕02,호탕,豪宕,*,*,XR
혹독,0,0,0,Root,語根,状態,*,*,혹독,혹독,酷毒,*,*,XR
혹심,0,0,0,Root,語根,状態,*,*,혹심,혹심,酷甚,*,*,XR
홀가분,0,0,0,Root,語根,状態,*,*,홀가분,홀가분,*,*,*,XR
홀쭉,0,0,0,Root,語根,状態,*,*,홀쭉,홀쭉,*,*,*,XR
화기애애,0,0,0,Root,語根,状態,*,*,화기애애,화기애애,和氣靄靄,*,*,XR
화려,0,0,0,Root,語根,状態,*,*,화려02,화려,華麗,*,*,XR
화사,0,0,0,Root,語根,状態,*,*,화사09,화사,華奢,*,*,XR
화순,0,0,0,Root,語根,状態,*,*,화순04,화순,和順,*,*,XR
화창,0,0,0,Root,語根,状態,*,*,화창04,화창,和暢,*,*,XR
확고,0,0,0,Root,語根,状態,*,*,확고,확고,確固,*,*,XR
확연,0,0,0,Root,語根,状態,*,*,확연02,확연,確然,*,*,XR
활달,0,0,0,Root,語根,状態,*,*,활달,활달,豁達,*,*,XR
활발,0,0,0,Root,語根,状態,*,*,활발,활발,活潑,*,*,XR
황공,0,0,0,Root,語根,状態,*,*,황공01,황공,惶恐,*,*,XR
황급,0,0,0,Root,語根,状態,*,*,황급02,황급,遑急,*,*,XR
황당,0,0,0,Root,語根,状態,*,*,황당,황당,荒唐,*,*,XR
황당무계,0,0,0,Root,語根,状態,*,*,황당무계,황당무계,荒唐無稽,*,*,XR
황량,0,0,0,Root,語根,状態,*,*,황량01,황량,荒凉,*,*,XR
황막,0,0,0,Root,語根,状態,*,*,황막,황막,荒漠,*,*,XR
황송,0,0,0,Root,語根,状態,*,*,황송01,황송,惶悚,*,*,XR
획일,0,0,0,Root,語根,状態,*,*,획일,획일,劃一,*,*,XR
후덥지근,0,0,0,Root,語根,状態,*,*,후덥지근,후덥지근,*,*,*,XR
후들,0,0,0,Root,語根,動作,*,*,후들,후들,*,*,*,XR
후련,0,0,0,Root,語根,状態,*,*,후련,후련,*,*,*,XR
후줄근,0,0,0,Root,語根,状態,*,*,후줄근,후줄근,*,*,*,XR
훈훈,0,0,0,Root,語根,状態,*,*,훈훈01,훈훈,薰薰,*,*,XR
훌륭,0,0,0,Root,語根,状態,*,*,훌륭,훌륭,*,*,*,XR
훤칠,0,0,0,Root,語根,状態,*,*,훤칠,훤칠,*,*,*,XR
휑뎅그렁,0,0,0,Root,語根,状態,*,*,휑뎅그렁,휑뎅그렁,*,*,*,XR
휘황,0,0,0,Root,語根,状態,*,*,휘황,휘황,輝煌,*,*,XR
휘황찬란,0,0,0,Root,語根,状態,*,*,휘황찬란,휘황찬란,輝煌燦爛,*,*,XR
흉흉,0,0,0,Root,語根,状態,*,*,흉흉,흉흉,洶洶,*,*,XR
흐느적,0,0,0,Root,語根,動作,*,*,흐느적,흐느적,*,*,*,XR
흐늘,0,0,0,Root,語根,動作,*,*,흐늘,흐늘,*,*,*,XR
흐리멍덩,0,0,0,Root,語根,状態,*,*,흐리멍덩,흐리멍덩,*,*,*,XR
흐릿,0,0,0,Root,語根,状態,*,*,흐릿,흐릿,*,*,*,XR
흐뭇,0,0,0,Root,語根,状態,*,*,흐뭇,흐뭇,*,*,*,XR
흔뎅,0,0,0,Root,語根,動作,*,*,흔뎅,흔뎅,*,*,*,XR
흔쾌,0,0,0,Root,語根,状態,*,*,흔쾌,흔쾌,欣快,*,*,XR
흥건,0,0,0,Root,語根,状態,*,*,흥건,흥건,*,*,*,XR
흥미진진,0,0,0,Root,語根,状態,*,*,흥미진진,흥미진진,興味津津,*,*,XR
흥청,0,0,0,Root,語根,動作,*,*,흥청01,흥청,*,*,*,XR
희귀,0,0,0,Root,語根,状態,*,*,희귀,희귀,稀貴,*,*,XR
희끄무레,0,0,0,Root,語根,状態,*,*,희끄무레,희끄무레,*,*,*,XR
희멀쑥,0,0,0,Root,語根,状態,*,*,희멀쑥,희멀쑥,*,*,*,XR
희미,0,0,0,Root,語根,状態,*,*,희미01,희미,稀微,*,*,XR
희박,0,0,0,Root,語根,状態,*,*,희박,희박,稀薄,*,*,XR
희한,0,0,0,Root,語根,状態,*,*,희한,희한,稀罕,*,*,XR
히들,0,0,0,Root,語根,動作,*,*,히들,히들,*,*,*,XR
매정,0,0,0,Root,語根,状態,*,*,매정01,매정,*,*,*,XR
조쌀,0,0,0,Root,語根,状態,*,*,조쌀01,조쌀,*,*,*,XR
무쌍,0,0,0,Root,語根,状態,*,*,무쌍,무쌍,無雙,*,*,XR
드라마틱,0,0,0,Root,語根,状態,*,*,드라마틱,드라마틱,*,dramatic,*,XR
떠들석,0,0,0,Root,語根,状態,*,*,떠들석,떠들석,*,*,*,XR
무결,0,0,0,Root,語根,状態,*,*,무결01,무결,無缺,*,*,XR
뻑적지근,0,0,0,Root,語根,状態,*,*,뻑적지근,뻑적지근,*,*,*,XR
확실,0,0,0,Root,語根,状態,*,*,확실,확실,確實,*,*,XR
면,0,0,0,Root,語根,動作,*,*,면03,면,免,면하다01,*,XR
흥성,0,0,0,Root,語根,動作,*,*,흥성03,흥성,興盛,*,*,XR
들큼,0,0,0,Root,語根,状態,*,*,들큼,들큼,*,*,*,XR
씽씽,0,0,0,Root,語根,状態,*,*,씽씽02,씽씽,*,*,*,XR
알알,0,0,0,Root,語根,状態,*,*,알알02,알알,*,*,*,XR
가뜬,0,0,0,Root,語根,状態,*,*,가뜬,가뜬,*,*,*,XR
갸륵,0,0,0,Root,語根,状態,*,*,갸륵02,갸륵,*,"처지가 안타깝도록 ~",*,XR
견실,0,0,0,Root,語根,状態,*,*,견실02,견실,堅實,*,*,XR
고불,0,0,0,Root,語根,状態,*,*,고불01,고불,*,*,*,XR
구불,0,0,0,Root,語根,状態,*,*,구불,구불,*,*,*,XR
급급,0,0,0,Root,語根,状態,*,*,급급03,급급,急急,*,*,XR
진중,0,0,0,Root,語根,状態,*,*,진중04,진중,鎭重,*,*,XR
무연,0,0,0,Root,語根,状態,*,*,무연01,무연,*,*,*,XR
적중,0,0,0,Root,語根,状態,*,*,적중05,적중,適中,*,*,XR
편,0,0,0,Root,語根,状態,*,*,편07,편,便,*,*,XR
영용,0,0,0,Root,語根,状態,*,*,영용,영용,英勇,*,*,XR
양양,0,0,0,Root,語根,状態,*,*,양양03,양양,洋洋,*,*,XR
강용,0,0,0,Root,語根,状態,*,*,강용02,강용,剛勇,*,*,XR
우심,0,0,0,Root,語根,状態,*,*,우심01,우심,尤甚,*,*,XR
강의,0,0,0,Root,語根,状態,*,*,강의01,강의,剛毅,*,*,XR
청소,0,0,0,Root,語根,状態,*,*,청소01,청소,靑少,*,*,XR
시쁘둥,0,0,0,Root,語根,状態,*,*,시쁘둥,시쁘둥,*,*,*,XR
이러루,0,0,0,Root,語根,状態,*,*,이러루01,이러루,*,*,*,XR
침중,0,0,0,Root,語根,状態,*,*,침중,침중,沈重,*,*,XR
봉창,0,0,0,Root,語根,動作,*,*,봉창01,봉창,*,*,*,XR
피,0,0,0,Root,語根,動作,*,*,피07,피,避,*,*,XR
용,0,0,0,Root,語根,状態,*,*,용02,용,*,*,*,XR
수굿,0,0,0,Root,語根,動作,*,*,수굿,수굿,*,*,*,XR
수굿,0,0,0,Root,語根,状態,*,*,수굿,수굿,*,*,*,XR
회붐,0,0,0,Root,語根,状態,*,*,희붐,희붐,*,*,*,XR
떨떨,0,0,0,Root,語根,状態,*,*,떨떨02,떨떨,*,*,*,XR
대,0,0,0,Root,語根,動作,*,*,대14,대,對,대하다02,*,XR
끼끗,0,0,0,Root,語根,状態,*,*,끼끗,끼끗,*,*,*,XR
늘쩍지근,0,0,0,Root,語根,状態,*,*,늘쩍지근,늘쩍지근,*,*,*,XR
노기등등,0,0,0,Root,語根,状態,*,*,노기등등,노기등등,怒氣騰騰,*,*,XR
긴,0,0,0,Root,語根,状態,*,*,긴02,긴,緊,*,*,XR
숭엄,0,0,0,Root,語根,状態,*,*,숭엄,숭엄,崇嚴,*,*,XR
청청,0,0,0,Root,語根,状態,*,*,청청01,청청,靑靑,*,*,XR
곱살,0,0,0,Root,語根,状態,*,*,곱살02,곱살,*,*,*,XR
